<com.ibm.websphere.samples.daytrader.web.prims.PingSession3: void doGet(javax.servlet.http.HttpServletRequest,javax.servlet.http.HttpServletResponse)>/assign/instruction64	<com.ibm.websphere.samples.daytrader.web.prims.PingSession3: void doGet(javax.servlet.http.HttpServletRequest,javax.servlet.http.HttpServletResponse)>/sessionData_$$A_1#_128	<com.ibm.websphere.samples.daytrader.web.prims.PingSession3: void doGet(javax.servlet.http.HttpServletRequest,javax.servlet.http.HttpServletResponse)>/x_$$A_4#_130	<com.ibm.websphere.samples.daytrader.web.prims.PingSession3: void doGet(javax.servlet.http.HttpServletRequest,javax.servlet.http.HttpServletResponse)>/$stack59
<com.ibm.websphere.samples.daytrader.web.jsf.OrderDataJSF: void getAllOrder()>/assign/instruction55	<com.ibm.websphere.samples.daytrader.web.jsf.OrderDataJSF: void getAllOrder()>/orders#_58	<com.ibm.websphere.samples.daytrader.web.jsf.OrderDataJSF: void getAllOrder()>/count_$$A_1#_63	<com.ibm.websphere.samples.daytrader.web.jsf.OrderDataJSF: void getAllOrder()>/r#_65
<com.ibm.websphere.samples.daytrader.web.prims.PingSession3Object: void <init>()>/assign/instruction23	<com.ibm.websphere.samples.daytrader.web.prims.PingSession3Object: void <init>()>/$stack15	<com.ibm.websphere.samples.daytrader.web.prims.PingSession3Object: void <init>()>/index_$$A_1#_53	<com.ibm.websphere.samples.daytrader.web.prims.PingSession3Object: void <init>()>/$stack14
<com.ibm.websphere.samples.daytrader.web.prims.PingSession3Object: void <init>()>/assign/instruction34	<com.ibm.websphere.samples.daytrader.web.prims.PingSession3Object: void <init>()>/$stack10	<com.ibm.websphere.samples.daytrader.web.prims.PingSession3Object: void <init>()>/index_$$A_4#_58	<com.ibm.websphere.samples.daytrader.web.prims.PingSession3Object: void <init>()>/$stack9
<com.ibm.websphere.samples.daytrader.web.prims.PingJSONPStreaming$1: void <clinit>()>/assign/instruction9	<com.ibm.websphere.samples.daytrader.web.prims.PingJSONPStreaming$1: void <clinit>()>/$stack5	<com.ibm.websphere.samples.daytrader.web.prims.PingJSONPStreaming$1: void <clinit>()>/$stack6	<com.ibm.websphere.samples.daytrader.web.prims.PingJSONPStreaming$1: void <clinit>()>/$numconstant0
<com.ibm.websphere.samples.daytrader.web.prims.PingJSONPStreaming$1: void <clinit>()>/assign/instruction19	<com.ibm.websphere.samples.daytrader.web.prims.PingJSONPStreaming$1: void <clinit>()>/$stack8	<com.ibm.websphere.samples.daytrader.web.prims.PingJSONPStreaming$1: void <clinit>()>/$stack9	<com.ibm.websphere.samples.daytrader.web.prims.PingJSONPStreaming$1: void <clinit>()>/$numconstant1
<com.ibm.websphere.samples.daytrader.web.prims.PingJSONPStreaming$1: void <clinit>()>/assign/instruction32	<com.ibm.websphere.samples.daytrader.web.prims.PingJSONPStreaming$1: void <clinit>()>/$stack11	<com.ibm.websphere.samples.daytrader.web.prims.PingJSONPStreaming$1: void <clinit>()>/$stack12	<com.ibm.websphere.samples.daytrader.web.prims.PingJSONPStreaming$1: void <clinit>()>/$numconstant2
<com.ibm.websphere.samples.daytrader.web.prims.PingJSONPStreaming$1: void <clinit>()>/assign/instruction45	<com.ibm.websphere.samples.daytrader.web.prims.PingJSONPStreaming$1: void <clinit>()>/$stack14	<com.ibm.websphere.samples.daytrader.web.prims.PingJSONPStreaming$1: void <clinit>()>/$stack15	<com.ibm.websphere.samples.daytrader.web.prims.PingJSONPStreaming$1: void <clinit>()>/$numconstant3
<com.ibm.websphere.samples.daytrader.web.prims.PingJSONPStreaming$1: void <clinit>()>/assign/instruction58	<com.ibm.websphere.samples.daytrader.web.prims.PingJSONPStreaming$1: void <clinit>()>/$stack17	<com.ibm.websphere.samples.daytrader.web.prims.PingJSONPStreaming$1: void <clinit>()>/$stack18	<com.ibm.websphere.samples.daytrader.web.prims.PingJSONPStreaming$1: void <clinit>()>/$numconstant4
<com.ibm.websphere.samples.daytrader.web.prims.PingJSONPStreaming$1: void <clinit>()>/assign/instruction71	<com.ibm.websphere.samples.daytrader.web.prims.PingJSONPStreaming$1: void <clinit>()>/$stack20	<com.ibm.websphere.samples.daytrader.web.prims.PingJSONPStreaming$1: void <clinit>()>/$stack21	<com.ibm.websphere.samples.daytrader.web.prims.PingJSONPStreaming$1: void <clinit>()>/$numconstant5
<com.ibm.websphere.samples.daytrader.web.prims.PingJSONPStreaming$1: void <clinit>()>/assign/instruction84	<com.ibm.websphere.samples.daytrader.web.prims.PingJSONPStreaming$1: void <clinit>()>/$stack23	<com.ibm.websphere.samples.daytrader.web.prims.PingJSONPStreaming$1: void <clinit>()>/$stack24	<com.ibm.websphere.samples.daytrader.web.prims.PingJSONPStreaming$1: void <clinit>()>/$numconstant6
<com.ibm.websphere.samples.daytrader.web.prims.PingJSONPStreaming$1: void <clinit>()>/assign/instruction97	<com.ibm.websphere.samples.daytrader.web.prims.PingJSONPStreaming$1: void <clinit>()>/$stack26	<com.ibm.websphere.samples.daytrader.web.prims.PingJSONPStreaming$1: void <clinit>()>/$stack27	<com.ibm.websphere.samples.daytrader.web.prims.PingJSONPStreaming$1: void <clinit>()>/$numconstant7
<com.ibm.websphere.samples.daytrader.web.prims.PingJSONPStreaming$1: void <clinit>()>/assign/instruction110	<com.ibm.websphere.samples.daytrader.web.prims.PingJSONPStreaming$1: void <clinit>()>/$stack29	<com.ibm.websphere.samples.daytrader.web.prims.PingJSONPStreaming$1: void <clinit>()>/$stack30	<com.ibm.websphere.samples.daytrader.web.prims.PingJSONPStreaming$1: void <clinit>()>/$numconstant8
<com.ibm.websphere.samples.daytrader.web.prims.PingJSONPStreaming$1: void <clinit>()>/assign/instruction123	<com.ibm.websphere.samples.daytrader.web.prims.PingJSONPStreaming$1: void <clinit>()>/$stack32	<com.ibm.websphere.samples.daytrader.web.prims.PingJSONPStreaming$1: void <clinit>()>/$stack33	<com.ibm.websphere.samples.daytrader.web.prims.PingJSONPStreaming$1: void <clinit>()>/$numconstant9
<com.ibm.websphere.samples.daytrader.web.jsf.QuoteJSF: java.lang.String getQuotesBySymbols()>/assign/instruction53	<com.ibm.websphere.samples.daytrader.web.jsf.QuoteJSF: java.lang.String getQuotesBySymbols()>/quoteDatas#_76	<com.ibm.websphere.samples.daytrader.web.jsf.QuoteJSF: java.lang.String getQuotesBySymbols()>/count_$$A_1#_78	<com.ibm.websphere.samples.daytrader.web.jsf.QuoteJSF: java.lang.String getQuotesBySymbols()>/$stack20
<com.ibm.websphere.samples.daytrader.web.websocket.ActionMessage$1: void <clinit>()>/assign/instruction9	<com.ibm.websphere.samples.daytrader.web.websocket.ActionMessage$1: void <clinit>()>/$stack5	<com.ibm.websphere.samples.daytrader.web.websocket.ActionMessage$1: void <clinit>()>/$stack6	<com.ibm.websphere.samples.daytrader.web.websocket.ActionMessage$1: void <clinit>()>/$numconstant0
<com.ibm.websphere.samples.daytrader.web.websocket.ActionMessage$1: void <clinit>()>/assign/instruction19	<com.ibm.websphere.samples.daytrader.web.websocket.ActionMessage$1: void <clinit>()>/$stack8	<com.ibm.websphere.samples.daytrader.web.websocket.ActionMessage$1: void <clinit>()>/$stack9	<com.ibm.websphere.samples.daytrader.web.websocket.ActionMessage$1: void <clinit>()>/$numconstant1
<com.ibm.websphere.samples.daytrader.web.jsf.AccountDataJSF: void home()>/assign/instruction45	<com.ibm.websphere.samples.daytrader.web.jsf.AccountDataJSF: void home()>/orderjsfs#_109	<com.ibm.websphere.samples.daytrader.web.jsf.AccountDataJSF: void home()>/i_$$A_1#_112	<com.ibm.websphere.samples.daytrader.web.jsf.AccountDataJSF: void home()>/r_$$A_1#_116
<com.ibm.websphere.samples.daytrader.web.jsf.AccountDataJSF: void home()>/assign/instruction115	<com.ibm.websphere.samples.daytrader.web.jsf.AccountDataJSF: void home()>/orderjsfs_$$A_2#_129	<com.ibm.websphere.samples.daytrader.web.jsf.AccountDataJSF: void home()>/i_$$A_5#_132	<com.ibm.websphere.samples.daytrader.web.jsf.AccountDataJSF: void home()>/r_$$A_4#_136
<com.ibm.websphere.samples.daytrader.web.jsf.MarketSummaryJSF: void getMarketSummary()>/assign/instruction33	<com.ibm.websphere.samples.daytrader.web.jsf.MarketSummaryJSF: void getMarketSummary()>/gainerjsfs#_75	<com.ibm.websphere.samples.daytrader.web.jsf.MarketSummaryJSF: void getMarketSummary()>/count_$$A_1#_76	<com.ibm.websphere.samples.daytrader.web.jsf.MarketSummaryJSF: void getMarketSummary()>/r_$$A_1_$$A_1#_79
<com.ibm.websphere.samples.daytrader.web.jsf.MarketSummaryJSF: void getMarketSummary()>/assign/instruction58	<com.ibm.websphere.samples.daytrader.web.jsf.MarketSummaryJSF: void getMarketSummary()>/r_$$A_1#_88	<com.ibm.websphere.samples.daytrader.web.jsf.MarketSummaryJSF: void getMarketSummary()>/count_$$A_4#_91	<com.ibm.websphere.samples.daytrader.web.jsf.MarketSummaryJSF: void getMarketSummary()>/r_$$A_3#_94
