<com.ibm.websphere.samples.daytrader.web.prims.beanval.PingServletBeanValCDI: void doGet(javax.servlet.http.HttpServletRequest,javax.servlet.http.HttpServletResponse)>	<com.ibm.websphere.samples.daytrader.web.prims.beanval.CDIMethodConstraintBean: int getHitCount(java.time.LocalDateTime)>	java.time.LocalDateTime
<com.ibm.websphere.samples.daytrader.util.TradeConfig: char getScenarioAction(boolean)>	<com.ibm.websphere.samples.daytrader.util.TradeConfig: int rndInt(int)>	int
<com.ibm.websphere.samples.daytrader.util.TradeConfig: java.lang.String rndEmail(java.lang.String)>	<com.ibm.websphere.samples.daytrader.util.TradeConfig: int rndInt(int)>	int
<com.ibm.websphere.samples.daytrader.mdb.DTStreamer3MDB: void onMessage(javax.jms.Message)>	<com.ibm.websphere.samples.daytrader.util.MDBStats: com.ibm.websphere.samples.daytrader.util.TimerStat addTiming(java.lang.String,long,long)>	long
<com.ibm.websphere.samples.daytrader.impl.ejb3.TradeSLSBBean$quotePriceComparator: int compare(java.lang.Object,java.lang.Object)>	<com.ibm.websphere.samples.daytrader.impl.ejb3.TradeSLSBBean$quotePriceComparator: int compare(com.ibm.websphere.samples.daytrader.entities.QuoteDataBean,com.ibm.websphere.samples.daytrader.entities.QuoteDataBean)>	com.ibm.websphere.samples.daytrader.entities.QuoteDataBean
<com.ibm.websphere.samples.daytrader.web.websocket.JsonEncoder: java.lang.String encode(java.lang.Object)>	<com.ibm.websphere.samples.daytrader.web.websocket.JsonEncoder: java.lang.String encode(com.ibm.websphere.samples.daytrader.web.websocket.JsonMessage)>	com.ibm.websphere.samples.daytrader.web.websocket.JsonMessage
<com.ibm.websphere.samples.daytrader.impl.ejb3.TradeSLSBBean: com.ibm.websphere.samples.daytrader.entities.OrderDataBean buy(java.lang.String,java.lang.String,double,int)>	<com.ibm.websphere.samples.daytrader.impl.ejb3.TradeSLSBBean: com.ibm.websphere.samples.daytrader.entities.OrderDataBean createOrder(com.ibm.websphere.samples.daytrader.entities.AccountDataBean,com.ibm.websphere.samples.daytrader.entities.QuoteDataBean,com.ibm.websphere.samples.daytrader.entities.HoldingDataBean,java.lang.String,double)>	double
<com.ibm.websphere.samples.daytrader.impl.ejb3.TradeSLSBBean: com.ibm.websphere.samples.daytrader.entities.OrderDataBean buy(java.lang.String,java.lang.String,double,int)>	<com.ibm.websphere.samples.daytrader.impl.ejb3.TradeSLSBBean: com.ibm.websphere.samples.daytrader.entities.OrderDataBean createOrder(com.ibm.websphere.samples.daytrader.entities.AccountDataBean,com.ibm.websphere.samples.daytrader.entities.QuoteDataBean,com.ibm.websphere.samples.daytrader.entities.HoldingDataBean,java.lang.String,double)>	com.ibm.websphere.samples.daytrader.entities.AccountDataBean
<com.ibm.websphere.samples.daytrader.impl.ejb3.TradeSLSBBean: com.ibm.websphere.samples.daytrader.entities.OrderDataBean buy(java.lang.String,java.lang.String,double,int)>	<com.ibm.websphere.samples.daytrader.impl.ejb3.TradeSLSBBean: com.ibm.websphere.samples.daytrader.entities.OrderDataBean createOrder(com.ibm.websphere.samples.daytrader.entities.AccountDataBean,com.ibm.websphere.samples.daytrader.entities.QuoteDataBean,com.ibm.websphere.samples.daytrader.entities.HoldingDataBean,java.lang.String,double)>	com.ibm.websphere.samples.daytrader.entities.HoldingDataBean
<com.ibm.websphere.samples.daytrader.impl.ejb3.TradeSLSBBean: com.ibm.websphere.samples.daytrader.entities.OrderDataBean buy(java.lang.String,java.lang.String,double,int)>	<com.ibm.websphere.samples.daytrader.impl.ejb3.TradeSLSBBean: com.ibm.websphere.samples.daytrader.entities.OrderDataBean createOrder(com.ibm.websphere.samples.daytrader.entities.AccountDataBean,com.ibm.websphere.samples.daytrader.entities.QuoteDataBean,com.ibm.websphere.samples.daytrader.entities.HoldingDataBean,java.lang.String,double)>	com.ibm.websphere.samples.daytrader.entities.QuoteDataBean
<com.ibm.websphere.samples.daytrader.impl.ejb3.TradeSLSBBean: com.ibm.websphere.samples.daytrader.entities.OrderDataBean sell(java.lang.String,java.lang.Integer,int)>	<com.ibm.websphere.samples.daytrader.impl.ejb3.TradeSLSBBean: com.ibm.websphere.samples.daytrader.entities.OrderDataBean createOrder(com.ibm.websphere.samples.daytrader.entities.AccountDataBean,com.ibm.websphere.samples.daytrader.entities.QuoteDataBean,com.ibm.websphere.samples.daytrader.entities.HoldingDataBean,java.lang.String,double)>	double
<com.ibm.websphere.samples.daytrader.impl.ejb3.TradeSLSBBean: com.ibm.websphere.samples.daytrader.entities.OrderDataBean sell(java.lang.String,java.lang.Integer,int)>	<com.ibm.websphere.samples.daytrader.impl.ejb3.TradeSLSBBean: com.ibm.websphere.samples.daytrader.entities.OrderDataBean createOrder(com.ibm.websphere.samples.daytrader.entities.AccountDataBean,com.ibm.websphere.samples.daytrader.entities.QuoteDataBean,com.ibm.websphere.samples.daytrader.entities.HoldingDataBean,java.lang.String,double)>	com.ibm.websphere.samples.daytrader.entities.AccountDataBean
<com.ibm.websphere.samples.daytrader.impl.ejb3.TradeSLSBBean: com.ibm.websphere.samples.daytrader.entities.OrderDataBean sell(java.lang.String,java.lang.Integer,int)>	<com.ibm.websphere.samples.daytrader.impl.ejb3.TradeSLSBBean: com.ibm.websphere.samples.daytrader.entities.OrderDataBean createOrder(com.ibm.websphere.samples.daytrader.entities.AccountDataBean,com.ibm.websphere.samples.daytrader.entities.QuoteDataBean,com.ibm.websphere.samples.daytrader.entities.HoldingDataBean,java.lang.String,double)>	com.ibm.websphere.samples.daytrader.entities.HoldingDataBean
<com.ibm.websphere.samples.daytrader.impl.ejb3.TradeSLSBBean: com.ibm.websphere.samples.daytrader.entities.OrderDataBean sell(java.lang.String,java.lang.Integer,int)>	<com.ibm.websphere.samples.daytrader.impl.ejb3.TradeSLSBBean: com.ibm.websphere.samples.daytrader.entities.OrderDataBean createOrder(com.ibm.websphere.samples.daytrader.entities.AccountDataBean,com.ibm.websphere.samples.daytrader.entities.QuoteDataBean,com.ibm.websphere.samples.daytrader.entities.HoldingDataBean,java.lang.String,double)>	com.ibm.websphere.samples.daytrader.entities.QuoteDataBean
<com.ibm.websphere.samples.daytrader.impl.ejb3.TradeSLSBBean: com.ibm.websphere.samples.daytrader.entities.OrderDataBean completeOrder(java.lang.Integer,boolean)>	<com.ibm.websphere.samples.daytrader.impl.ejb3.TradeSLSBBean: com.ibm.websphere.samples.daytrader.entities.HoldingDataBean createHolding(com.ibm.websphere.samples.daytrader.entities.AccountDataBean,com.ibm.websphere.samples.daytrader.entities.QuoteDataBean,double,java.math.BigDecimal)>	double
<com.ibm.websphere.samples.daytrader.impl.ejb3.TradeSLSBBean: com.ibm.websphere.samples.daytrader.entities.OrderDataBean completeOrder(java.lang.Integer,boolean)>	<com.ibm.websphere.samples.daytrader.impl.ejb3.TradeSLSBBean: com.ibm.websphere.samples.daytrader.entities.HoldingDataBean createHolding(com.ibm.websphere.samples.daytrader.entities.AccountDataBean,com.ibm.websphere.samples.daytrader.entities.QuoteDataBean,double,java.math.BigDecimal)>	com.ibm.websphere.samples.daytrader.entities.AccountDataBean
<com.ibm.websphere.samples.daytrader.impl.ejb3.TradeSLSBBean: com.ibm.websphere.samples.daytrader.entities.OrderDataBean completeOrder(java.lang.Integer,boolean)>	<com.ibm.websphere.samples.daytrader.impl.ejb3.TradeSLSBBean: com.ibm.websphere.samples.daytrader.entities.HoldingDataBean createHolding(com.ibm.websphere.samples.daytrader.entities.AccountDataBean,com.ibm.websphere.samples.daytrader.entities.QuoteDataBean,double,java.math.BigDecimal)>	java.math.BigDecimal
<com.ibm.websphere.samples.daytrader.impl.ejb3.TradeSLSBBean: com.ibm.websphere.samples.daytrader.entities.OrderDataBean completeOrder(java.lang.Integer,boolean)>	<com.ibm.websphere.samples.daytrader.impl.ejb3.TradeSLSBBean: com.ibm.websphere.samples.daytrader.entities.HoldingDataBean createHolding(com.ibm.websphere.samples.daytrader.entities.AccountDataBean,com.ibm.websphere.samples.daytrader.entities.QuoteDataBean,double,java.math.BigDecimal)>	com.ibm.websphere.samples.daytrader.entities.QuoteDataBean
<com.ibm.websphere.samples.daytrader.impl.direct.TradeDirectDBUtils: void buildDB(java.io.PrintWriter,java.io.InputStream)>	<com.ibm.websphere.samples.daytrader.interfaces.TradeServices: com.ibm.websphere.samples.daytrader.entities.AccountDataBean register(java.lang.String,java.lang.String,java.lang.String,java.lang.String,java.lang.String,java.lang.String,java.math.BigDecimal)>	java.math.BigDecimal
<com.ibm.websphere.samples.daytrader.impl.direct.TradeDirectDBUtils: void buildDB(java.io.PrintWriter,java.io.InputStream)>	<com.ibm.websphere.samples.daytrader.util.TradeConfig: int rndInt(int)>	int
<com.ibm.websphere.samples.daytrader.impl.direct.TradeDirectDBUtils: void buildDB(java.io.PrintWriter,java.io.InputStream)>	<com.ibm.websphere.samples.daytrader.impl.direct.TradeDirectDBUtils: boolean recreateDBTables(java.lang.Object[],java.io.PrintWriter)>	java.io.PrintWriter
<com.ibm.websphere.samples.daytrader.impl.direct.TradeDirectDBUtils: void buildDB(java.io.PrintWriter,java.io.InputStream)>	<com.ibm.websphere.samples.daytrader.impl.direct.TradeDirectDBUtils: java.lang.Object[] parseDDLToBuffer(java.io.InputStream)>	java.io.InputStream
<com.ibm.websphere.samples.daytrader.impl.direct.TradeDirectDBUtils: com.ibm.websphere.samples.daytrader.beans.RunStatsDataBean resetTrade(boolean)>	<com.ibm.websphere.samples.daytrader.impl.direct.TradeDirectDBUtils: java.sql.PreparedStatement getStatement(java.sql.Connection,java.lang.String)>	java.sql.Connection
<com.ibm.websphere.samples.daytrader.web.servlet.TradeConfigServlet: void doConfigDisplay(javax.servlet.http.HttpServletRequest,javax.servlet.http.HttpServletResponse,java.lang.String)>	<com.ibm.websphere.samples.daytrader.util.TradeConfig: java.lang.String getPage(int)>	int
<com.ibm.websphere.samples.daytrader.web.servlet.TradeConfigServlet: void doResetTrade(javax.servlet.http.HttpServletRequest,javax.servlet.http.HttpServletResponse,java.lang.String)>	<com.ibm.websphere.samples.daytrader.util.TradeConfig: java.lang.String getPage(int)>	int
<com.ibm.websphere.samples.daytrader.web.servlet.TradeConfigServlet: void doResetTrade(javax.servlet.http.HttpServletRequest,javax.servlet.http.HttpServletResponse,java.lang.String)>	<com.ibm.websphere.samples.daytrader.impl.direct.TradeDirectDBUtils: com.ibm.websphere.samples.daytrader.beans.RunStatsDataBean resetTrade(boolean)>	boolean
<com.ibm.websphere.samples.daytrader.impl.session2direct.DirectSLSBBean: com.ibm.websphere.samples.daytrader.entities.OrderDataBean createOrder(com.ibm.websphere.samples.daytrader.entities.AccountDataBean,com.ibm.websphere.samples.daytrader.entities.QuoteDataBean,com.ibm.websphere.samples.daytrader.entities.HoldingDataBean,java.lang.String,double)>	<com.ibm.websphere.samples.daytrader.interfaces.TradeServices: com.ibm.websphere.samples.daytrader.entities.OrderDataBean createOrder(com.ibm.websphere.samples.daytrader.entities.AccountDataBean,com.ibm.websphere.samples.daytrader.entities.QuoteDataBean,com.ibm.websphere.samples.daytrader.entities.HoldingDataBean,java.lang.String,double)>	double
<com.ibm.websphere.samples.daytrader.impl.session2direct.DirectSLSBBean: com.ibm.websphere.samples.daytrader.entities.OrderDataBean createOrder(com.ibm.websphere.samples.daytrader.entities.AccountDataBean,com.ibm.websphere.samples.daytrader.entities.QuoteDataBean,com.ibm.websphere.samples.daytrader.entities.HoldingDataBean,java.lang.String,double)>	<com.ibm.websphere.samples.daytrader.interfaces.TradeServices: com.ibm.websphere.samples.daytrader.entities.OrderDataBean createOrder(com.ibm.websphere.samples.daytrader.entities.AccountDataBean,com.ibm.websphere.samples.daytrader.entities.QuoteDataBean,com.ibm.websphere.samples.daytrader.entities.HoldingDataBean,java.lang.String,double)>	com.ibm.websphere.samples.daytrader.entities.AccountDataBean
<com.ibm.websphere.samples.daytrader.impl.session2direct.DirectSLSBBean: com.ibm.websphere.samples.daytrader.entities.OrderDataBean createOrder(com.ibm.websphere.samples.daytrader.entities.AccountDataBean,com.ibm.websphere.samples.daytrader.entities.QuoteDataBean,com.ibm.websphere.samples.daytrader.entities.HoldingDataBean,java.lang.String,double)>	<com.ibm.websphere.samples.daytrader.interfaces.TradeServices: com.ibm.websphere.samples.daytrader.entities.OrderDataBean createOrder(com.ibm.websphere.samples.daytrader.entities.AccountDataBean,com.ibm.websphere.samples.daytrader.entities.QuoteDataBean,com.ibm.websphere.samples.daytrader.entities.HoldingDataBean,java.lang.String,double)>	com.ibm.websphere.samples.daytrader.entities.HoldingDataBean
<com.ibm.websphere.samples.daytrader.impl.session2direct.DirectSLSBBean: com.ibm.websphere.samples.daytrader.entities.OrderDataBean createOrder(com.ibm.websphere.samples.daytrader.entities.AccountDataBean,com.ibm.websphere.samples.daytrader.entities.QuoteDataBean,com.ibm.websphere.samples.daytrader.entities.HoldingDataBean,java.lang.String,double)>	<com.ibm.websphere.samples.daytrader.interfaces.TradeServices: com.ibm.websphere.samples.daytrader.entities.OrderDataBean createOrder(com.ibm.websphere.samples.daytrader.entities.AccountDataBean,com.ibm.websphere.samples.daytrader.entities.QuoteDataBean,com.ibm.websphere.samples.daytrader.entities.HoldingDataBean,java.lang.String,double)>	com.ibm.websphere.samples.daytrader.entities.QuoteDataBean
<com.ibm.websphere.samples.daytrader.impl.session2direct.DirectSLSBBean: com.ibm.websphere.samples.daytrader.entities.OrderDataBean buy(java.lang.String,java.lang.String,double,int)>	<com.ibm.websphere.samples.daytrader.interfaces.TradeServices: com.ibm.websphere.samples.daytrader.entities.OrderDataBean buy(java.lang.String,java.lang.String,double,int)>	int
<com.ibm.websphere.samples.daytrader.impl.session2direct.DirectSLSBBean: com.ibm.websphere.samples.daytrader.entities.OrderDataBean buy(java.lang.String,java.lang.String,double,int)>	<com.ibm.websphere.samples.daytrader.interfaces.TradeServices: com.ibm.websphere.samples.daytrader.entities.OrderDataBean buy(java.lang.String,java.lang.String,double,int)>	double
<com.ibm.websphere.samples.daytrader.impl.session2direct.DirectSLSBBean: com.ibm.websphere.samples.daytrader.entities.OrderDataBean sell(java.lang.String,java.lang.Integer,int)>	<com.ibm.websphere.samples.daytrader.interfaces.TradeServices: com.ibm.websphere.samples.daytrader.entities.OrderDataBean sell(java.lang.String,java.lang.Integer,int)>	int
<com.ibm.websphere.samples.daytrader.impl.session2direct.DirectSLSBBean: com.ibm.websphere.samples.daytrader.entities.OrderDataBean completeOrder(java.lang.Integer,boolean)>	<com.ibm.websphere.samples.daytrader.interfaces.TradeServices: com.ibm.websphere.samples.daytrader.entities.OrderDataBean completeOrder(java.lang.Integer,boolean)>	boolean
<com.ibm.websphere.samples.daytrader.web.websocket.QuotePriceChangeListEncoder: java.lang.String encode(java.lang.Object)>	<com.ibm.websphere.samples.daytrader.web.websocket.QuotePriceChangeListEncoder: java.lang.String encode(java.util.concurrent.CopyOnWriteArrayList)>	java.util.concurrent.CopyOnWriteArrayList
<com.ibm.websphere.samples.daytrader.impl.session2direct.DirectSLSBBean: com.ibm.websphere.samples.daytrader.entities.QuoteDataBean createQuote(java.lang.String,java.lang.String,java.math.BigDecimal)>	<com.ibm.websphere.samples.daytrader.interfaces.TradeServices: com.ibm.websphere.samples.daytrader.entities.QuoteDataBean createQuote(java.lang.String,java.lang.String,java.math.BigDecimal)>	java.math.BigDecimal
<com.ibm.websphere.samples.daytrader.impl.session2direct.DirectSLSBBean: com.ibm.websphere.samples.daytrader.entities.QuoteDataBean updateQuotePriceVolume(java.lang.String,java.math.BigDecimal,double)>	<com.ibm.websphere.samples.daytrader.interfaces.TradeServices: com.ibm.websphere.samples.daytrader.entities.QuoteDataBean updateQuotePriceVolume(java.lang.String,java.math.BigDecimal,double)>	double
<com.ibm.websphere.samples.daytrader.impl.session2direct.DirectSLSBBean: com.ibm.websphere.samples.daytrader.entities.QuoteDataBean updateQuotePriceVolume(java.lang.String,java.math.BigDecimal,double)>	<com.ibm.websphere.samples.daytrader.interfaces.TradeServices: com.ibm.websphere.samples.daytrader.entities.QuoteDataBean updateQuotePriceVolume(java.lang.String,java.math.BigDecimal,double)>	java.math.BigDecimal
<com.ibm.websphere.samples.daytrader.impl.session2direct.DirectSLSBBean: com.ibm.websphere.samples.daytrader.entities.AccountProfileDataBean updateAccountProfile(com.ibm.websphere.samples.daytrader.entities.AccountProfileDataBean)>	<com.ibm.websphere.samples.daytrader.interfaces.TradeServices: com.ibm.websphere.samples.daytrader.entities.AccountProfileDataBean updateAccountProfile(com.ibm.websphere.samples.daytrader.entities.AccountProfileDataBean)>	com.ibm.websphere.samples.daytrader.entities.AccountProfileDataBean
<com.ibm.websphere.samples.daytrader.web.prims.PingJDBCWrite: void doGet(javax.servlet.http.HttpServletRequest,javax.servlet.http.HttpServletResponse)>	<com.ibm.websphere.samples.daytrader.impl.direct.TradeDirect: com.ibm.websphere.samples.daytrader.entities.QuoteDataBean updateQuotePriceVolumeInt(java.lang.String,java.math.BigDecimal,double,boolean)>	boolean
<com.ibm.websphere.samples.daytrader.web.prims.PingJDBCWrite: void doGet(javax.servlet.http.HttpServletRequest,javax.servlet.http.HttpServletResponse)>	<com.ibm.websphere.samples.daytrader.impl.direct.TradeDirect: com.ibm.websphere.samples.daytrader.entities.QuoteDataBean updateQuotePriceVolumeInt(java.lang.String,java.math.BigDecimal,double,boolean)>	double
<com.ibm.websphere.samples.daytrader.web.prims.PingJDBCWrite: void doGet(javax.servlet.http.HttpServletRequest,javax.servlet.http.HttpServletResponse)>	<com.ibm.websphere.samples.daytrader.impl.direct.TradeDirect: com.ibm.websphere.samples.daytrader.entities.QuoteDataBean updateQuotePriceVolumeInt(java.lang.String,java.math.BigDecimal,double,boolean)>	java.math.BigDecimal
<com.ibm.websphere.samples.daytrader.impl.session2direct.DirectSLSBBean: com.ibm.websphere.samples.daytrader.entities.AccountDataBean register(java.lang.String,java.lang.String,java.lang.String,java.lang.String,java.lang.String,java.lang.String,java.math.BigDecimal)>	<com.ibm.websphere.samples.daytrader.interfaces.TradeServices: com.ibm.websphere.samples.daytrader.entities.AccountDataBean register(java.lang.String,java.lang.String,java.lang.String,java.lang.String,java.lang.String,java.lang.String,java.math.BigDecimal)>	java.math.BigDecimal
<com.ibm.websphere.samples.daytrader.mdb.DTBroker3MDB: void onMessage(javax.jms.Message)>	<com.ibm.websphere.samples.daytrader.util.MDBStats: com.ibm.websphere.samples.daytrader.util.TimerStat addTiming(java.lang.String,long,long)>	long
<com.ibm.websphere.samples.daytrader.web.servlet.TradeServletAction: void doAccount(javax.servlet.ServletContext,javax.servlet.http.HttpServletRequest,javax.servlet.http.HttpServletResponse,java.lang.String,java.lang.String)>	<com.ibm.websphere.samples.daytrader.util.TradeConfig: java.lang.String getPage(int)>	int
<com.ibm.websphere.samples.daytrader.web.jsf.AccountDataJSF: void doAccountData(com.ibm.websphere.samples.daytrader.entities.AccountDataBean,java.util.Collection)>	<com.ibm.websphere.samples.daytrader.util.FinancialUtils: java.math.BigDecimal computeGain(java.math.BigDecimal,java.math.BigDecimal)>	java.math.BigDecimal
<com.ibm.websphere.samples.daytrader.web.jsf.AccountDataJSF: void doAccountData(com.ibm.websphere.samples.daytrader.entities.AccountDataBean,java.util.Collection)>	<com.ibm.websphere.samples.daytrader.util.FinancialUtils: java.math.BigDecimal computeGainPercent(java.math.BigDecimal,java.math.BigDecimal)>	java.math.BigDecimal
<com.ibm.websphere.samples.daytrader.web.jsf.AccountDataJSF: void doAccountData(com.ibm.websphere.samples.daytrader.entities.AccountDataBean,java.util.Collection)>	<com.ibm.websphere.samples.daytrader.util.FinancialUtils: java.math.BigDecimal computeHoldingsTotal(java.util.Collection)>	java.util.Collection
<com.ibm.websphere.samples.daytrader.web.servlet.TradeServletAction: void doBuy(javax.servlet.ServletContext,javax.servlet.http.HttpServletRequest,javax.servlet.http.HttpServletResponse,java.lang.String,java.lang.String,java.lang.String)>	<com.ibm.websphere.samples.daytrader.interfaces.TradeServices: com.ibm.websphere.samples.daytrader.entities.OrderDataBean buy(java.lang.String,java.lang.String,double,int)>	int
<com.ibm.websphere.samples.daytrader.web.servlet.TradeServletAction: void doBuy(javax.servlet.ServletContext,javax.servlet.http.HttpServletRequest,javax.servlet.http.HttpServletResponse,java.lang.String,java.lang.String,java.lang.String)>	<com.ibm.websphere.samples.daytrader.interfaces.TradeServices: com.ibm.websphere.samples.daytrader.entities.OrderDataBean buy(java.lang.String,java.lang.String,double,int)>	double
<com.ibm.websphere.samples.daytrader.web.servlet.TradeServletAction: void doBuy(javax.servlet.ServletContext,javax.servlet.http.HttpServletRequest,javax.servlet.http.HttpServletResponse,java.lang.String,java.lang.String,java.lang.String)>	<com.ibm.websphere.samples.daytrader.util.TradeConfig: java.lang.String getPage(int)>	int
<com.ibm.websphere.samples.daytrader.web.servlet.TradeServletAction: void doHome(javax.servlet.ServletContext,javax.servlet.http.HttpServletRequest,javax.servlet.http.HttpServletResponse,java.lang.String,java.lang.String)>	<com.ibm.websphere.samples.daytrader.util.TradeConfig: java.lang.String getPage(int)>	int
<com.ibm.websphere.samples.daytrader.web.servlet.TradeServletAction: void doLogin(javax.servlet.ServletContext,javax.servlet.http.HttpServletRequest,javax.servlet.http.HttpServletResponse,java.lang.String,java.lang.String)>	<com.ibm.websphere.samples.daytrader.util.TradeConfig: java.lang.String getPage(int)>	int
<com.ibm.websphere.samples.daytrader.web.servlet.TradeServletAction: void doLogout(javax.servlet.ServletContext,javax.servlet.http.HttpServletRequest,javax.servlet.http.HttpServletResponse,java.lang.String)>	<com.ibm.websphere.samples.daytrader.util.TradeConfig: java.lang.String getPage(int)>	int
<com.ibm.websphere.samples.daytrader.web.prims.ejb3.PingServlet2Session: void doGet(javax.servlet.http.HttpServletRequest,javax.servlet.http.HttpServletResponse)>	<com.ibm.websphere.samples.daytrader.interfaces.TradeServices: double investmentReturn(double,double)>	double
<com.ibm.websphere.samples.daytrader.web.servlet.TradeServletAction: void doPortfolio(javax.servlet.ServletContext,javax.servlet.http.HttpServletRequest,javax.servlet.http.HttpServletResponse,java.lang.String,java.lang.String)>	<com.ibm.websphere.samples.daytrader.util.TradeConfig: java.lang.String getPage(int)>	int
<com.ibm.websphere.samples.daytrader.web.servlet.TradeServletAction: void doQuotes(javax.servlet.ServletContext,javax.servlet.http.HttpServletRequest,javax.servlet.http.HttpServletResponse,java.lang.String,java.lang.String)>	<com.ibm.websphere.samples.daytrader.util.TradeConfig: java.lang.String getPage(int)>	int
<com.ibm.websphere.samples.daytrader.web.servlet.TradeServletAction: void doRegister(javax.servlet.ServletContext,javax.servlet.http.HttpServletRequest,javax.servlet.http.HttpServletResponse,java.lang.String,java.lang.String,java.lang.String,java.lang.String,java.lang.String,java.lang.String,java.lang.String,java.lang.String)>	<com.ibm.websphere.samples.daytrader.interfaces.TradeServices: com.ibm.websphere.samples.daytrader.entities.AccountDataBean register(java.lang.String,java.lang.String,java.lang.String,java.lang.String,java.lang.String,java.lang.String,java.math.BigDecimal)>	java.math.BigDecimal
<com.ibm.websphere.samples.daytrader.web.servlet.TradeServletAction: void doRegister(javax.servlet.ServletContext,javax.servlet.http.HttpServletRequest,javax.servlet.http.HttpServletResponse,java.lang.String,java.lang.String,java.lang.String,java.lang.String,java.lang.String,java.lang.String,java.lang.String,java.lang.String)>	<com.ibm.websphere.samples.daytrader.util.TradeConfig: java.lang.String getPage(int)>	int
<com.ibm.websphere.samples.daytrader.web.servlet.TradeServletAction: void doSell(javax.servlet.ServletContext,javax.servlet.http.HttpServletRequest,javax.servlet.http.HttpServletResponse,java.lang.String,java.lang.Integer)>	<com.ibm.websphere.samples.daytrader.interfaces.TradeServices: com.ibm.websphere.samples.daytrader.entities.OrderDataBean sell(java.lang.String,java.lang.Integer,int)>	int
<com.ibm.websphere.samples.daytrader.web.servlet.TradeServletAction: void doSell(javax.servlet.ServletContext,javax.servlet.http.HttpServletRequest,javax.servlet.http.HttpServletResponse,java.lang.String,java.lang.Integer)>	<com.ibm.websphere.samples.daytrader.util.TradeConfig: java.lang.String getPage(int)>	int
<com.ibm.websphere.samples.daytrader.web.servlet.TradeServletAction: void doWelcome(javax.servlet.ServletContext,javax.servlet.http.HttpServletRequest,javax.servlet.http.HttpServletResponse,java.lang.String)>	<com.ibm.websphere.samples.daytrader.util.TradeConfig: java.lang.String getPage(int)>	int
<com.ibm.websphere.samples.daytrader.web.servlet.TradeServletAction: void doMarketSummary(javax.servlet.ServletContext,javax.servlet.http.HttpServletRequest,javax.servlet.http.HttpServletResponse,java.lang.String)>	<com.ibm.websphere.samples.daytrader.util.TradeConfig: java.lang.String getPage(int)>	int
<com.ibm.websphere.samples.daytrader.impl.direct.TradeDirect: com.ibm.websphere.samples.daytrader.entities.OrderDataBean buy(java.lang.String,java.lang.String,double,int)>	<com.ibm.websphere.samples.daytrader.impl.direct.TradeDirect: com.ibm.websphere.samples.daytrader.entities.OrderDataBean createOrder(com.ibm.websphere.samples.daytrader.entities.AccountDataBean,com.ibm.websphere.samples.daytrader.entities.QuoteDataBean,com.ibm.websphere.samples.daytrader.entities.HoldingDataBean,java.lang.String,double)>	double
<com.ibm.websphere.samples.daytrader.impl.direct.TradeDirect: com.ibm.websphere.samples.daytrader.entities.OrderDataBean buy(java.lang.String,java.lang.String,double,int)>	<com.ibm.websphere.samples.daytrader.impl.direct.TradeDirect: com.ibm.websphere.samples.daytrader.entities.OrderDataBean createOrder(com.ibm.websphere.samples.daytrader.entities.AccountDataBean,com.ibm.websphere.samples.daytrader.entities.QuoteDataBean,com.ibm.websphere.samples.daytrader.entities.HoldingDataBean,java.lang.String,double)>	com.ibm.websphere.samples.daytrader.entities.AccountDataBean
<com.ibm.websphere.samples.daytrader.impl.direct.TradeDirect: com.ibm.websphere.samples.daytrader.entities.OrderDataBean buy(java.lang.String,java.lang.String,double,int)>	<com.ibm.websphere.samples.daytrader.impl.direct.TradeDirect: com.ibm.websphere.samples.daytrader.entities.OrderDataBean createOrder(com.ibm.websphere.samples.daytrader.entities.AccountDataBean,com.ibm.websphere.samples.daytrader.entities.QuoteDataBean,com.ibm.websphere.samples.daytrader.entities.HoldingDataBean,java.lang.String,double)>	com.ibm.websphere.samples.daytrader.entities.HoldingDataBean
<com.ibm.websphere.samples.daytrader.impl.direct.TradeDirect: com.ibm.websphere.samples.daytrader.entities.OrderDataBean buy(java.lang.String,java.lang.String,double,int)>	<com.ibm.websphere.samples.daytrader.impl.direct.TradeDirect: com.ibm.websphere.samples.daytrader.entities.OrderDataBean createOrder(com.ibm.websphere.samples.daytrader.entities.AccountDataBean,com.ibm.websphere.samples.daytrader.entities.QuoteDataBean,com.ibm.websphere.samples.daytrader.entities.HoldingDataBean,java.lang.String,double)>	com.ibm.websphere.samples.daytrader.entities.QuoteDataBean
<com.ibm.websphere.samples.daytrader.impl.direct.TradeDirect: com.ibm.websphere.samples.daytrader.entities.OrderDataBean buy(java.lang.String,java.lang.String,double,int)>	<com.ibm.websphere.samples.daytrader.impl.direct.TradeDirect: com.ibm.websphere.samples.daytrader.entities.AccountDataBean getAccountData(java.sql.Connection,java.lang.String)>	java.sql.Connection
<com.ibm.websphere.samples.daytrader.impl.direct.TradeDirect: com.ibm.websphere.samples.daytrader.entities.OrderDataBean buy(java.lang.String,java.lang.String,double,int)>	<com.ibm.websphere.samples.daytrader.impl.direct.TradeDirect: com.ibm.websphere.samples.daytrader.entities.QuoteDataBean getQuoteData(java.sql.Connection,java.lang.String)>	java.sql.Connection
<com.ibm.websphere.samples.daytrader.impl.direct.TradeDirect: com.ibm.websphere.samples.daytrader.entities.OrderDataBean buy(java.lang.String,java.lang.String,double,int)>	<com.ibm.websphere.samples.daytrader.impl.direct.TradeDirect: com.ibm.websphere.samples.daytrader.entities.OrderDataBean getOrderData(java.sql.Connection,int)>	int
<com.ibm.websphere.samples.daytrader.impl.direct.TradeDirect: com.ibm.websphere.samples.daytrader.entities.OrderDataBean buy(java.lang.String,java.lang.String,double,int)>	<com.ibm.websphere.samples.daytrader.impl.direct.TradeDirect: com.ibm.websphere.samples.daytrader.entities.OrderDataBean getOrderData(java.sql.Connection,int)>	java.sql.Connection
<com.ibm.websphere.samples.daytrader.impl.direct.TradeDirect: com.ibm.websphere.samples.daytrader.entities.OrderDataBean sell(java.lang.String,java.lang.Integer,int)>	<com.ibm.websphere.samples.daytrader.impl.direct.TradeDirect: com.ibm.websphere.samples.daytrader.entities.OrderDataBean createOrder(com.ibm.websphere.samples.daytrader.entities.AccountDataBean,com.ibm.websphere.samples.daytrader.entities.QuoteDataBean,com.ibm.websphere.samples.daytrader.entities.HoldingDataBean,java.lang.String,double)>	double
<com.ibm.websphere.samples.daytrader.impl.direct.TradeDirect: com.ibm.websphere.samples.daytrader.entities.OrderDataBean sell(java.lang.String,java.lang.Integer,int)>	<com.ibm.websphere.samples.daytrader.impl.direct.TradeDirect: com.ibm.websphere.samples.daytrader.entities.OrderDataBean createOrder(com.ibm.websphere.samples.daytrader.entities.AccountDataBean,com.ibm.websphere.samples.daytrader.entities.QuoteDataBean,com.ibm.websphere.samples.daytrader.entities.HoldingDataBean,java.lang.String,double)>	com.ibm.websphere.samples.daytrader.entities.AccountDataBean
<com.ibm.websphere.samples.daytrader.impl.direct.TradeDirect: com.ibm.websphere.samples.daytrader.entities.OrderDataBean sell(java.lang.String,java.lang.Integer,int)>	<com.ibm.websphere.samples.daytrader.impl.direct.TradeDirect: com.ibm.websphere.samples.daytrader.entities.OrderDataBean createOrder(com.ibm.websphere.samples.daytrader.entities.AccountDataBean,com.ibm.websphere.samples.daytrader.entities.QuoteDataBean,com.ibm.websphere.samples.daytrader.entities.HoldingDataBean,java.lang.String,double)>	com.ibm.websphere.samples.daytrader.entities.HoldingDataBean
<com.ibm.websphere.samples.daytrader.impl.direct.TradeDirect: com.ibm.websphere.samples.daytrader.entities.OrderDataBean sell(java.lang.String,java.lang.Integer,int)>	<com.ibm.websphere.samples.daytrader.impl.direct.TradeDirect: com.ibm.websphere.samples.daytrader.entities.OrderDataBean createOrder(com.ibm.websphere.samples.daytrader.entities.AccountDataBean,com.ibm.websphere.samples.daytrader.entities.QuoteDataBean,com.ibm.websphere.samples.daytrader.entities.HoldingDataBean,java.lang.String,double)>	com.ibm.websphere.samples.daytrader.entities.QuoteDataBean
<com.ibm.websphere.samples.daytrader.impl.direct.TradeDirect: com.ibm.websphere.samples.daytrader.entities.OrderDataBean sell(java.lang.String,java.lang.Integer,int)>	<com.ibm.websphere.samples.daytrader.impl.direct.TradeDirect: com.ibm.websphere.samples.daytrader.entities.AccountDataBean getAccountData(java.sql.Connection,java.lang.String)>	java.sql.Connection
<com.ibm.websphere.samples.daytrader.impl.direct.TradeDirect: com.ibm.websphere.samples.daytrader.entities.OrderDataBean sell(java.lang.String,java.lang.Integer,int)>	<com.ibm.websphere.samples.daytrader.impl.direct.TradeDirect: com.ibm.websphere.samples.daytrader.entities.QuoteDataBean getQuoteData(java.sql.Connection,java.lang.String)>	java.sql.Connection
<com.ibm.websphere.samples.daytrader.impl.direct.TradeDirect: com.ibm.websphere.samples.daytrader.entities.OrderDataBean sell(java.lang.String,java.lang.Integer,int)>	<com.ibm.websphere.samples.daytrader.impl.direct.TradeDirect: com.ibm.websphere.samples.daytrader.entities.HoldingDataBean getHoldingData(java.sql.Connection,int)>	int
<com.ibm.websphere.samples.daytrader.impl.direct.TradeDirect: com.ibm.websphere.samples.daytrader.entities.OrderDataBean sell(java.lang.String,java.lang.Integer,int)>	<com.ibm.websphere.samples.daytrader.impl.direct.TradeDirect: com.ibm.websphere.samples.daytrader.entities.HoldingDataBean getHoldingData(java.sql.Connection,int)>	java.sql.Connection
<com.ibm.websphere.samples.daytrader.impl.direct.TradeDirect: com.ibm.websphere.samples.daytrader.entities.OrderDataBean sell(java.lang.String,java.lang.Integer,int)>	<com.ibm.websphere.samples.daytrader.impl.direct.TradeDirect: com.ibm.websphere.samples.daytrader.entities.OrderDataBean getOrderData(java.sql.Connection,int)>	int
<com.ibm.websphere.samples.daytrader.impl.direct.TradeDirect: com.ibm.websphere.samples.daytrader.entities.OrderDataBean sell(java.lang.String,java.lang.Integer,int)>	<com.ibm.websphere.samples.daytrader.impl.direct.TradeDirect: com.ibm.websphere.samples.daytrader.entities.OrderDataBean getOrderData(java.sql.Connection,int)>	java.sql.Connection
<com.ibm.websphere.samples.daytrader.web.jsf.QuoteData: void <init>(java.math.BigDecimal,java.math.BigDecimal,java.lang.String,java.math.BigDecimal,java.math.BigDecimal,java.lang.String,java.lang.Double,java.lang.Double)>	<com.ibm.websphere.samples.daytrader.util.FinancialUtils: java.math.BigDecimal computeGain(java.math.BigDecimal,java.math.BigDecimal)>	java.math.BigDecimal
<com.ibm.websphere.samples.daytrader.web.jsf.QuoteData: void <init>(java.math.BigDecimal,java.math.BigDecimal,java.lang.String,java.math.BigDecimal,java.math.BigDecimal,java.lang.String,java.lang.Double,java.lang.Double)>	<com.ibm.websphere.samples.daytrader.util.FinancialUtils: java.math.BigDecimal computeGainPercent(java.math.BigDecimal,java.math.BigDecimal)>	java.math.BigDecimal
<com.ibm.websphere.samples.daytrader.web.servlet.TradeScenarioServlet: void performTask(javax.servlet.http.HttpServletRequest,javax.servlet.http.HttpServletResponse)>	<com.ibm.websphere.samples.daytrader.util.TradeConfig: char getScenarioAction(boolean)>	boolean
<com.ibm.websphere.samples.daytrader.impl.direct.TradeDirect: com.ibm.websphere.samples.daytrader.entities.OrderDataBean completeOrder(java.lang.Integer,boolean)>	<com.ibm.websphere.samples.daytrader.impl.direct.TradeDirect: com.ibm.websphere.samples.daytrader.entities.OrderDataBean completeOrder(java.sql.Connection,java.lang.Integer)>	java.sql.Connection
<com.ibm.websphere.samples.daytrader.impl.direct.TradeDirect: com.ibm.websphere.samples.daytrader.entities.OrderDataBean completeOrder(java.sql.Connection,java.lang.Integer)>	<com.ibm.websphere.samples.daytrader.impl.direct.TradeDirect: com.ibm.websphere.samples.daytrader.entities.HoldingDataBean createHolding(java.sql.Connection,int,java.lang.String,double,java.math.BigDecimal)>	int
<com.ibm.websphere.samples.daytrader.impl.direct.TradeDirect: com.ibm.websphere.samples.daytrader.entities.OrderDataBean completeOrder(java.sql.Connection,java.lang.Integer)>	<com.ibm.websphere.samples.daytrader.impl.direct.TradeDirect: com.ibm.websphere.samples.daytrader.entities.HoldingDataBean createHolding(java.sql.Connection,int,java.lang.String,double,java.math.BigDecimal)>	double
<com.ibm.websphere.samples.daytrader.impl.direct.TradeDirect: com.ibm.websphere.samples.daytrader.entities.OrderDataBean completeOrder(java.sql.Connection,java.lang.Integer)>	<com.ibm.websphere.samples.daytrader.impl.direct.TradeDirect: com.ibm.websphere.samples.daytrader.entities.HoldingDataBean createHolding(java.sql.Connection,int,java.lang.String,double,java.math.BigDecimal)>	java.math.BigDecimal
<com.ibm.websphere.samples.daytrader.impl.direct.TradeDirect: com.ibm.websphere.samples.daytrader.entities.OrderDataBean completeOrder(java.sql.Connection,java.lang.Integer)>	<com.ibm.websphere.samples.daytrader.impl.direct.TradeDirect: com.ibm.websphere.samples.daytrader.entities.HoldingDataBean createHolding(java.sql.Connection,int,java.lang.String,double,java.math.BigDecimal)>	java.sql.Connection
<com.ibm.websphere.samples.daytrader.impl.direct.TradeDirect: com.ibm.websphere.samples.daytrader.entities.OrderDataBean completeOrder(java.sql.Connection,java.lang.Integer)>	<com.ibm.websphere.samples.daytrader.impl.direct.TradeDirect: com.ibm.websphere.samples.daytrader.entities.HoldingDataBean getHoldingData(java.sql.Connection,int)>	int
<com.ibm.websphere.samples.daytrader.impl.direct.TradeDirect: com.ibm.websphere.samples.daytrader.entities.OrderDataBean completeOrder(java.sql.Connection,java.lang.Integer)>	<com.ibm.websphere.samples.daytrader.impl.direct.TradeDirect: com.ibm.websphere.samples.daytrader.entities.HoldingDataBean getHoldingData(java.sql.Connection,int)>	java.sql.Connection
<com.ibm.websphere.samples.daytrader.impl.direct.TradeDirect: com.ibm.websphere.samples.daytrader.entities.OrderDataBean completeOrder(java.sql.Connection,java.lang.Integer)>	<com.ibm.websphere.samples.daytrader.impl.direct.TradeDirect: com.ibm.websphere.samples.daytrader.entities.AccountProfileDataBean getAccountProfileData(java.sql.Connection,java.lang.Integer)>	java.sql.Connection
<com.ibm.websphere.samples.daytrader.impl.direct.TradeDirect: com.ibm.websphere.samples.daytrader.entities.OrderDataBean completeOrder(java.sql.Connection,java.lang.Integer)>	<com.ibm.websphere.samples.daytrader.impl.direct.TradeDirect: com.ibm.websphere.samples.daytrader.entities.OrderDataBean getOrderDataFromResultSet(java.sql.ResultSet)>	java.sql.ResultSet
<com.ibm.websphere.samples.daytrader.impl.direct.TradeDirect: com.ibm.websphere.samples.daytrader.entities.OrderDataBean completeOrder(java.sql.Connection,java.lang.Integer)>	<com.ibm.websphere.samples.daytrader.impl.direct.TradeDirect: java.sql.PreparedStatement getStatement(java.sql.Connection,java.lang.String)>	java.sql.Connection
<com.ibm.websphere.samples.daytrader.impl.direct.TradeDirect: com.ibm.websphere.samples.daytrader.entities.HoldingDataBean createHolding(java.sql.Connection,int,java.lang.String,double,java.math.BigDecimal)>	<com.ibm.websphere.samples.daytrader.impl.direct.TradeDirect: com.ibm.websphere.samples.daytrader.entities.HoldingDataBean getHoldingData(java.sql.Connection,int)>	int
<com.ibm.websphere.samples.daytrader.impl.direct.TradeDirect: com.ibm.websphere.samples.daytrader.entities.HoldingDataBean createHolding(java.sql.Connection,int,java.lang.String,double,java.math.BigDecimal)>	<com.ibm.websphere.samples.daytrader.impl.direct.TradeDirect: com.ibm.websphere.samples.daytrader.entities.HoldingDataBean getHoldingData(java.sql.Connection,int)>	java.sql.Connection
<com.ibm.websphere.samples.daytrader.impl.direct.TradeDirect: com.ibm.websphere.samples.daytrader.entities.HoldingDataBean createHolding(java.sql.Connection,int,java.lang.String,double,java.math.BigDecimal)>	<com.ibm.websphere.samples.daytrader.impl.direct.KeySequenceDirect: java.lang.Integer getNextID(java.sql.Connection,java.lang.String,boolean,boolean)>	boolean
<com.ibm.websphere.samples.daytrader.impl.direct.TradeDirect: com.ibm.websphere.samples.daytrader.entities.HoldingDataBean createHolding(java.sql.Connection,int,java.lang.String,double,java.math.BigDecimal)>	<com.ibm.websphere.samples.daytrader.impl.direct.KeySequenceDirect: java.lang.Integer getNextID(java.sql.Connection,java.lang.String,boolean,boolean)>	java.sql.Connection
<com.ibm.websphere.samples.daytrader.impl.direct.TradeDirect: com.ibm.websphere.samples.daytrader.entities.HoldingDataBean createHolding(java.sql.Connection,int,java.lang.String,double,java.math.BigDecimal)>	<com.ibm.websphere.samples.daytrader.impl.direct.TradeDirect: java.sql.PreparedStatement getStatement(java.sql.Connection,java.lang.String)>	java.sql.Connection
<com.ibm.websphere.samples.daytrader.impl.direct.TradeDirect: void removeHolding(java.sql.Connection,int,int)>	<com.ibm.websphere.samples.daytrader.impl.direct.TradeDirect: java.sql.PreparedStatement getStatement(java.sql.Connection,java.lang.String)>	java.sql.Connection
<com.ibm.websphere.samples.daytrader.impl.direct.TradeDirect: com.ibm.websphere.samples.daytrader.entities.OrderDataBean createOrder(com.ibm.websphere.samples.daytrader.entities.AccountDataBean,com.ibm.websphere.samples.daytrader.entities.QuoteDataBean,com.ibm.websphere.samples.daytrader.entities.HoldingDataBean,java.lang.String,double)>	<com.ibm.websphere.samples.daytrader.impl.direct.TradeDirect: com.ibm.websphere.samples.daytrader.entities.OrderDataBean getOrderData(java.sql.Connection,int)>	int
<com.ibm.websphere.samples.daytrader.impl.direct.TradeDirect: com.ibm.websphere.samples.daytrader.entities.OrderDataBean createOrder(com.ibm.websphere.samples.daytrader.entities.AccountDataBean,com.ibm.websphere.samples.daytrader.entities.QuoteDataBean,com.ibm.websphere.samples.daytrader.entities.HoldingDataBean,java.lang.String,double)>	<com.ibm.websphere.samples.daytrader.impl.direct.TradeDirect: com.ibm.websphere.samples.daytrader.entities.OrderDataBean getOrderData(java.sql.Connection,int)>	java.sql.Connection
<com.ibm.websphere.samples.daytrader.impl.direct.TradeDirect: com.ibm.websphere.samples.daytrader.entities.OrderDataBean createOrder(com.ibm.websphere.samples.daytrader.entities.AccountDataBean,com.ibm.websphere.samples.daytrader.entities.QuoteDataBean,com.ibm.websphere.samples.daytrader.entities.HoldingDataBean,java.lang.String,double)>	<com.ibm.websphere.samples.daytrader.impl.direct.KeySequenceDirect: java.lang.Integer getNextID(java.sql.Connection,java.lang.String,boolean,boolean)>	boolean
<com.ibm.websphere.samples.daytrader.impl.direct.TradeDirect: com.ibm.websphere.samples.daytrader.entities.OrderDataBean createOrder(com.ibm.websphere.samples.daytrader.entities.AccountDataBean,com.ibm.websphere.samples.daytrader.entities.QuoteDataBean,com.ibm.websphere.samples.daytrader.entities.HoldingDataBean,java.lang.String,double)>	<com.ibm.websphere.samples.daytrader.impl.direct.KeySequenceDirect: java.lang.Integer getNextID(java.sql.Connection,java.lang.String,boolean,boolean)>	java.sql.Connection
<com.ibm.websphere.samples.daytrader.impl.direct.TradeDirect: com.ibm.websphere.samples.daytrader.entities.OrderDataBean createOrder(com.ibm.websphere.samples.daytrader.entities.AccountDataBean,com.ibm.websphere.samples.daytrader.entities.QuoteDataBean,com.ibm.websphere.samples.daytrader.entities.HoldingDataBean,java.lang.String,double)>	<com.ibm.websphere.samples.daytrader.impl.direct.TradeDirect: java.sql.PreparedStatement getStatement(java.sql.Connection,java.lang.String)>	java.sql.Connection
<com.ibm.websphere.samples.daytrader.impl.direct.TradeDirect: java.util.Collection getOrders(java.lang.String)>	<com.ibm.websphere.samples.daytrader.impl.direct.TradeDirect: com.ibm.websphere.samples.daytrader.entities.OrderDataBean getOrderDataFromResultSet(java.sql.ResultSet)>	java.sql.ResultSet
<com.ibm.websphere.samples.daytrader.impl.direct.TradeDirect: java.util.Collection getOrders(java.lang.String)>	<com.ibm.websphere.samples.daytrader.impl.direct.TradeDirect: java.sql.PreparedStatement getStatement(java.sql.Connection,java.lang.String)>	java.sql.Connection
<com.ibm.websphere.samples.daytrader.impl.direct.TradeDirect: java.util.Collection getClosedOrders(java.lang.String)>	<com.ibm.websphere.samples.daytrader.impl.direct.TradeDirect: com.ibm.websphere.samples.daytrader.entities.OrderDataBean getOrderDataFromResultSet(java.sql.ResultSet)>	java.sql.ResultSet
<com.ibm.websphere.samples.daytrader.impl.direct.TradeDirect: java.util.Collection getClosedOrders(java.lang.String)>	<com.ibm.websphere.samples.daytrader.impl.direct.TradeDirect: java.sql.PreparedStatement getStatement(java.sql.Connection,java.lang.String)>	java.sql.Connection
<com.ibm.websphere.samples.daytrader.impl.direct.TradeDirect: com.ibm.websphere.samples.daytrader.entities.QuoteDataBean createQuote(java.lang.String,java.lang.String,java.math.BigDecimal)>	<com.ibm.websphere.samples.daytrader.impl.direct.TradeDirect: java.sql.PreparedStatement getStatement(java.sql.Connection,java.lang.String)>	java.sql.Connection
<com.ibm.websphere.samples.daytrader.impl.direct.TradeDirect: com.ibm.websphere.samples.daytrader.entities.QuoteDataBean getQuote(java.lang.String)>	<com.ibm.websphere.samples.daytrader.impl.direct.TradeDirect: com.ibm.websphere.samples.daytrader.entities.QuoteDataBean getQuote(java.sql.Connection,java.lang.String)>	java.sql.Connection
<com.ibm.websphere.samples.daytrader.impl.direct.TradeDirect: com.ibm.websphere.samples.daytrader.entities.QuoteDataBean getQuote(java.sql.Connection,java.lang.String)>	<com.ibm.websphere.samples.daytrader.impl.direct.TradeDirect: com.ibm.websphere.samples.daytrader.entities.QuoteDataBean getQuoteDataFromResultSet(java.sql.ResultSet)>	java.sql.ResultSet
<com.ibm.websphere.samples.daytrader.impl.direct.TradeDirect: com.ibm.websphere.samples.daytrader.entities.QuoteDataBean getQuote(java.sql.Connection,java.lang.String)>	<com.ibm.websphere.samples.daytrader.impl.direct.TradeDirect: java.sql.PreparedStatement getStatement(java.sql.Connection,java.lang.String)>	java.sql.Connection
<com.ibm.websphere.samples.daytrader.impl.direct.TradeDirect: com.ibm.websphere.samples.daytrader.entities.QuoteDataBean getQuoteForUpdate(java.sql.Connection,java.lang.String)>	<com.ibm.websphere.samples.daytrader.impl.direct.TradeDirect: com.ibm.websphere.samples.daytrader.entities.QuoteDataBean getQuoteDataFromResultSet(java.sql.ResultSet)>	java.sql.ResultSet
<com.ibm.websphere.samples.daytrader.impl.direct.TradeDirect: com.ibm.websphere.samples.daytrader.entities.QuoteDataBean getQuoteForUpdate(java.sql.Connection,java.lang.String)>	<com.ibm.websphere.samples.daytrader.impl.direct.TradeDirect: java.sql.PreparedStatement getStatement(java.sql.Connection,java.lang.String)>	java.sql.Connection
<com.ibm.websphere.samples.daytrader.impl.direct.TradeDirect: java.util.Collection getHoldings(java.lang.String)>	<com.ibm.websphere.samples.daytrader.impl.direct.TradeDirect: com.ibm.websphere.samples.daytrader.entities.HoldingDataBean getHoldingDataFromResultSet(java.sql.ResultSet)>	java.sql.ResultSet
<com.ibm.websphere.samples.daytrader.impl.direct.TradeDirect: java.util.Collection getHoldings(java.lang.String)>	<com.ibm.websphere.samples.daytrader.impl.direct.TradeDirect: java.sql.PreparedStatement getStatement(java.sql.Connection,java.lang.String)>	java.sql.Connection
<com.ibm.websphere.samples.daytrader.impl.direct.TradeDirect: com.ibm.websphere.samples.daytrader.entities.HoldingDataBean getHolding(java.lang.Integer)>	<com.ibm.websphere.samples.daytrader.impl.direct.TradeDirect: com.ibm.websphere.samples.daytrader.entities.HoldingDataBean getHoldingData(int)>	int
<com.ibm.websphere.samples.daytrader.impl.direct.TradeDirect: com.ibm.websphere.samples.daytrader.entities.AccountDataBean getAccountData(java.lang.String)>	<com.ibm.websphere.samples.daytrader.impl.direct.TradeDirect: com.ibm.websphere.samples.daytrader.entities.AccountDataBean getAccountData(java.sql.Connection,java.lang.String)>	java.sql.Connection
<com.ibm.websphere.samples.daytrader.impl.direct.TradeDirect: com.ibm.websphere.samples.daytrader.entities.AccountDataBean getAccountData(java.sql.Connection,java.lang.String)>	<com.ibm.websphere.samples.daytrader.impl.direct.TradeDirect: com.ibm.websphere.samples.daytrader.entities.AccountDataBean getAccountDataFromResultSet(java.sql.ResultSet)>	java.sql.ResultSet
<com.ibm.websphere.samples.daytrader.impl.direct.TradeDirect: com.ibm.websphere.samples.daytrader.entities.AccountDataBean getAccountData(java.sql.Connection,java.lang.String)>	<com.ibm.websphere.samples.daytrader.impl.direct.TradeDirect: java.sql.PreparedStatement getStatement(java.sql.Connection,java.lang.String)>	java.sql.Connection
<com.ibm.websphere.samples.daytrader.impl.direct.TradeDirect: com.ibm.websphere.samples.daytrader.entities.AccountDataBean getAccountData(int)>	<com.ibm.websphere.samples.daytrader.impl.direct.TradeDirect: com.ibm.websphere.samples.daytrader.entities.AccountDataBean getAccountData(int,java.sql.Connection)>	int
<com.ibm.websphere.samples.daytrader.impl.direct.TradeDirect: com.ibm.websphere.samples.daytrader.entities.AccountDataBean getAccountData(int)>	<com.ibm.websphere.samples.daytrader.impl.direct.TradeDirect: com.ibm.websphere.samples.daytrader.entities.AccountDataBean getAccountData(int,java.sql.Connection)>	java.sql.Connection
<com.ibm.websphere.samples.daytrader.impl.direct.TradeDirect: com.ibm.websphere.samples.daytrader.entities.AccountDataBean getAccountData(int,java.sql.Connection)>	<com.ibm.websphere.samples.daytrader.impl.direct.TradeDirect: com.ibm.websphere.samples.daytrader.entities.AccountDataBean getAccountDataFromResultSet(java.sql.ResultSet)>	java.sql.ResultSet
<com.ibm.websphere.samples.daytrader.impl.direct.TradeDirect: com.ibm.websphere.samples.daytrader.entities.AccountDataBean getAccountData(int,java.sql.Connection)>	<com.ibm.websphere.samples.daytrader.impl.direct.TradeDirect: java.sql.PreparedStatement getStatement(java.sql.Connection,java.lang.String)>	java.sql.Connection
<com.ibm.websphere.samples.daytrader.impl.direct.TradeDirect: com.ibm.websphere.samples.daytrader.entities.QuoteDataBean getQuoteData(java.sql.Connection,java.lang.String)>	<com.ibm.websphere.samples.daytrader.impl.direct.TradeDirect: com.ibm.websphere.samples.daytrader.entities.QuoteDataBean getQuoteDataFromResultSet(java.sql.ResultSet)>	java.sql.ResultSet
<com.ibm.websphere.samples.daytrader.impl.direct.TradeDirect: com.ibm.websphere.samples.daytrader.entities.QuoteDataBean getQuoteData(java.sql.Connection,java.lang.String)>	<com.ibm.websphere.samples.daytrader.impl.direct.TradeDirect: java.sql.PreparedStatement getStatement(java.sql.Connection,java.lang.String)>	java.sql.Connection
<com.ibm.websphere.samples.daytrader.impl.direct.TradeDirect: com.ibm.websphere.samples.daytrader.entities.HoldingDataBean getHoldingData(int)>	<com.ibm.websphere.samples.daytrader.impl.direct.TradeDirect: com.ibm.websphere.samples.daytrader.entities.HoldingDataBean getHoldingData(java.sql.Connection,int)>	int
<com.ibm.websphere.samples.daytrader.impl.direct.TradeDirect: com.ibm.websphere.samples.daytrader.entities.HoldingDataBean getHoldingData(int)>	<com.ibm.websphere.samples.daytrader.impl.direct.TradeDirect: com.ibm.websphere.samples.daytrader.entities.HoldingDataBean getHoldingData(java.sql.Connection,int)>	java.sql.Connection
<com.ibm.websphere.samples.daytrader.impl.direct.TradeDirect: com.ibm.websphere.samples.daytrader.entities.HoldingDataBean getHoldingData(java.sql.Connection,int)>	<com.ibm.websphere.samples.daytrader.impl.direct.TradeDirect: com.ibm.websphere.samples.daytrader.entities.HoldingDataBean getHoldingDataFromResultSet(java.sql.ResultSet)>	java.sql.ResultSet
<com.ibm.websphere.samples.daytrader.impl.direct.TradeDirect: com.ibm.websphere.samples.daytrader.entities.HoldingDataBean getHoldingData(java.sql.Connection,int)>	<com.ibm.websphere.samples.daytrader.impl.direct.TradeDirect: java.sql.PreparedStatement getStatement(java.sql.Connection,java.lang.String)>	java.sql.Connection
<com.ibm.websphere.samples.daytrader.impl.direct.TradeDirect: com.ibm.websphere.samples.daytrader.entities.OrderDataBean getOrderData(java.sql.Connection,int)>	<com.ibm.websphere.samples.daytrader.impl.direct.TradeDirect: com.ibm.websphere.samples.daytrader.entities.OrderDataBean getOrderDataFromResultSet(java.sql.ResultSet)>	java.sql.ResultSet
<com.ibm.websphere.samples.daytrader.impl.direct.TradeDirect: com.ibm.websphere.samples.daytrader.entities.OrderDataBean getOrderData(java.sql.Connection,int)>	<com.ibm.websphere.samples.daytrader.impl.direct.TradeDirect: java.sql.PreparedStatement getStatement(java.sql.Connection,java.lang.String)>	java.sql.Connection
<com.ibm.websphere.samples.daytrader.impl.direct.TradeDirect: com.ibm.websphere.samples.daytrader.entities.AccountProfileDataBean getAccountProfileData(java.lang.String)>	<com.ibm.websphere.samples.daytrader.impl.direct.TradeDirect: com.ibm.websphere.samples.daytrader.entities.AccountProfileDataBean getAccountProfileData(java.sql.Connection,java.lang.String)>	java.sql.Connection
<com.ibm.websphere.samples.daytrader.impl.direct.TradeDirect: com.ibm.websphere.samples.daytrader.entities.AccountProfileDataBean getAccountProfileData(java.sql.Connection,java.lang.String)>	<com.ibm.websphere.samples.daytrader.impl.direct.TradeDirect: com.ibm.websphere.samples.daytrader.entities.AccountProfileDataBean getAccountProfileDataFromResultSet(java.sql.ResultSet)>	java.sql.ResultSet
<com.ibm.websphere.samples.daytrader.impl.direct.TradeDirect: com.ibm.websphere.samples.daytrader.entities.AccountProfileDataBean getAccountProfileData(java.sql.Connection,java.lang.String)>	<com.ibm.websphere.samples.daytrader.impl.direct.TradeDirect: java.sql.PreparedStatement getStatement(java.sql.Connection,java.lang.String)>	java.sql.Connection
<com.ibm.websphere.samples.daytrader.impl.direct.TradeDirect: com.ibm.websphere.samples.daytrader.entities.AccountProfileDataBean getAccountProfileData(java.sql.Connection,java.lang.Integer)>	<com.ibm.websphere.samples.daytrader.impl.direct.TradeDirect: com.ibm.websphere.samples.daytrader.entities.AccountProfileDataBean getAccountProfileDataFromResultSet(java.sql.ResultSet)>	java.sql.ResultSet
<com.ibm.websphere.samples.daytrader.impl.direct.TradeDirect: com.ibm.websphere.samples.daytrader.entities.AccountProfileDataBean getAccountProfileData(java.sql.Connection,java.lang.Integer)>	<com.ibm.websphere.samples.daytrader.impl.direct.TradeDirect: java.sql.PreparedStatement getStatement(java.sql.Connection,java.lang.String)>	java.sql.Connection
<com.ibm.websphere.samples.daytrader.impl.direct.TradeDirect: com.ibm.websphere.samples.daytrader.entities.AccountProfileDataBean updateAccountProfile(com.ibm.websphere.samples.daytrader.entities.AccountProfileDataBean)>	<com.ibm.websphere.samples.daytrader.impl.direct.TradeDirect: com.ibm.websphere.samples.daytrader.entities.AccountProfileDataBean getAccountProfileData(java.sql.Connection,java.lang.String)>	java.sql.Connection
<com.ibm.websphere.samples.daytrader.impl.direct.TradeDirect: void creditAccountBalance(java.sql.Connection,com.ibm.websphere.samples.daytrader.entities.AccountDataBean,java.math.BigDecimal)>	<com.ibm.websphere.samples.daytrader.impl.direct.TradeDirect: java.sql.PreparedStatement getStatement(java.sql.Connection,java.lang.String)>	java.sql.Connection
<com.ibm.websphere.samples.daytrader.impl.direct.TradeDirect: void updateHoldingStatus(java.sql.Connection,java.lang.Integer,java.lang.String)>	<com.ibm.websphere.samples.daytrader.impl.direct.TradeDirect: java.sql.PreparedStatement getStatement(java.sql.Connection,java.lang.String)>	java.sql.Connection
<com.ibm.websphere.samples.daytrader.impl.direct.TradeDirect: void updateOrderStatus(java.sql.Connection,java.lang.Integer,java.lang.String)>	<com.ibm.websphere.samples.daytrader.impl.direct.TradeDirect: java.sql.PreparedStatement getStatement(java.sql.Connection,java.lang.String)>	java.sql.Connection
<com.ibm.websphere.samples.daytrader.impl.direct.TradeDirect: void updateOrderHolding(java.sql.Connection,int,int)>	<com.ibm.websphere.samples.daytrader.impl.direct.TradeDirect: java.sql.PreparedStatement getStatement(java.sql.Connection,java.lang.String)>	java.sql.Connection
<com.ibm.websphere.samples.daytrader.impl.direct.TradeDirect: void updateAccountProfile(java.sql.Connection,com.ibm.websphere.samples.daytrader.entities.AccountProfileDataBean)>	<com.ibm.websphere.samples.daytrader.impl.direct.TradeDirect: java.sql.PreparedStatement getStatement(java.sql.Connection,java.lang.String)>	java.sql.Connection
<com.ibm.websphere.samples.daytrader.impl.direct.TradeDirect: com.ibm.websphere.samples.daytrader.entities.QuoteDataBean updateQuotePriceVolume(java.lang.String,java.math.BigDecimal,double)>	<com.ibm.websphere.samples.daytrader.impl.direct.TradeDirect: com.ibm.websphere.samples.daytrader.entities.QuoteDataBean updateQuotePriceVolumeInt(java.lang.String,java.math.BigDecimal,double,boolean)>	boolean
<com.ibm.websphere.samples.daytrader.impl.direct.TradeDirect: com.ibm.websphere.samples.daytrader.entities.QuoteDataBean updateQuotePriceVolume(java.lang.String,java.math.BigDecimal,double)>	<com.ibm.websphere.samples.daytrader.impl.direct.TradeDirect: com.ibm.websphere.samples.daytrader.entities.QuoteDataBean updateQuotePriceVolumeInt(java.lang.String,java.math.BigDecimal,double,boolean)>	double
<com.ibm.websphere.samples.daytrader.impl.direct.TradeDirect: com.ibm.websphere.samples.daytrader.entities.QuoteDataBean updateQuotePriceVolume(java.lang.String,java.math.BigDecimal,double)>	<com.ibm.websphere.samples.daytrader.impl.direct.TradeDirect: com.ibm.websphere.samples.daytrader.entities.QuoteDataBean updateQuotePriceVolumeInt(java.lang.String,java.math.BigDecimal,double,boolean)>	java.math.BigDecimal
<com.ibm.websphere.samples.daytrader.impl.direct.TradeDirect: com.ibm.websphere.samples.daytrader.entities.QuoteDataBean updateQuotePriceVolumeInt(java.lang.String,java.math.BigDecimal,double,boolean)>	<com.ibm.websphere.samples.daytrader.impl.direct.TradeDirect: com.ibm.websphere.samples.daytrader.entities.QuoteDataBean getQuote(java.sql.Connection,java.lang.String)>	java.sql.Connection
<com.ibm.websphere.samples.daytrader.impl.direct.TradeDirect: com.ibm.websphere.samples.daytrader.entities.QuoteDataBean updateQuotePriceVolumeInt(java.lang.String,java.math.BigDecimal,double,boolean)>	<com.ibm.websphere.samples.daytrader.impl.direct.TradeDirect: com.ibm.websphere.samples.daytrader.entities.QuoteDataBean getQuoteForUpdate(java.sql.Connection,java.lang.String)>	java.sql.Connection
<com.ibm.websphere.samples.daytrader.impl.direct.TradeDirect: void updateQuotePriceVolume(java.sql.Connection,java.lang.String,java.math.BigDecimal,double,double)>	<com.ibm.websphere.samples.daytrader.impl.direct.TradeDirect: java.sql.PreparedStatement getStatement(java.sql.Connection,java.lang.String)>	java.sql.Connection
<com.ibm.websphere.samples.daytrader.impl.direct.TradeDirect: com.ibm.websphere.samples.daytrader.entities.AccountDataBean login(java.lang.String,java.lang.String)>	<com.ibm.websphere.samples.daytrader.impl.direct.TradeDirect: com.ibm.websphere.samples.daytrader.entities.AccountDataBean getAccountDataFromResultSet(java.sql.ResultSet)>	java.sql.ResultSet
<com.ibm.websphere.samples.daytrader.impl.direct.TradeDirect: com.ibm.websphere.samples.daytrader.entities.AccountDataBean login(java.lang.String,java.lang.String)>	<com.ibm.websphere.samples.daytrader.impl.direct.TradeDirect: java.sql.PreparedStatement getStatement(java.sql.Connection,java.lang.String)>	java.sql.Connection
<com.ibm.websphere.samples.daytrader.impl.direct.TradeDirect: void logout(java.lang.String)>	<com.ibm.websphere.samples.daytrader.impl.direct.TradeDirect: java.sql.PreparedStatement getStatement(java.sql.Connection,java.lang.String)>	java.sql.Connection
<com.ibm.websphere.samples.daytrader.impl.direct.TradeDirect: com.ibm.websphere.samples.daytrader.entities.AccountDataBean register(java.lang.String,java.lang.String,java.lang.String,java.lang.String,java.lang.String,java.lang.String,java.math.BigDecimal)>	<com.ibm.websphere.samples.daytrader.impl.direct.KeySequenceDirect: java.lang.Integer getNextID(java.sql.Connection,java.lang.String,boolean,boolean)>	boolean
<com.ibm.websphere.samples.daytrader.impl.direct.TradeDirect: com.ibm.websphere.samples.daytrader.entities.AccountDataBean register(java.lang.String,java.lang.String,java.lang.String,java.lang.String,java.lang.String,java.lang.String,java.math.BigDecimal)>	<com.ibm.websphere.samples.daytrader.impl.direct.KeySequenceDirect: java.lang.Integer getNextID(java.sql.Connection,java.lang.String,boolean,boolean)>	java.sql.Connection
<com.ibm.websphere.samples.daytrader.impl.direct.TradeDirect: com.ibm.websphere.samples.daytrader.entities.AccountDataBean register(java.lang.String,java.lang.String,java.lang.String,java.lang.String,java.lang.String,java.lang.String,java.math.BigDecimal)>	<com.ibm.websphere.samples.daytrader.impl.direct.TradeDirect: java.sql.PreparedStatement getStatement(java.sql.Connection,java.lang.String)>	java.sql.Connection
<com.ibm.websphere.samples.daytrader.impl.direct.KeySequenceDirect: java.lang.Integer getNextID(java.sql.Connection,java.lang.String,boolean,boolean)>	<com.ibm.websphere.samples.daytrader.impl.direct.KeySequenceDirect: java.util.Collection allocNewBlock(java.sql.Connection,java.lang.String,boolean,boolean)>	boolean
<com.ibm.websphere.samples.daytrader.impl.direct.KeySequenceDirect: java.lang.Integer getNextID(java.sql.Connection,java.lang.String,boolean,boolean)>	<com.ibm.websphere.samples.daytrader.impl.direct.KeySequenceDirect: java.util.Collection allocNewBlock(java.sql.Connection,java.lang.String,boolean,boolean)>	java.sql.Connection
<com.ibm.websphere.samples.daytrader.beans.MarketSummaryDataBean: void <init>(java.math.BigDecimal,java.math.BigDecimal,double,java.util.Collection,java.util.Collection)>	<com.ibm.websphere.samples.daytrader.util.FinancialUtils: java.math.BigDecimal computeGainPercent(java.math.BigDecimal,java.math.BigDecimal)>	java.math.BigDecimal
<com.ibm.websphere.samples.daytrader.impl.direct.TradeDirect: com.ibm.websphere.samples.daytrader.beans.MarketSummaryDataBean getMarketSummaryInternal()>	<com.ibm.websphere.samples.daytrader.impl.direct.TradeDirect: com.ibm.websphere.samples.daytrader.entities.QuoteDataBean getQuoteDataFromResultSet(java.sql.ResultSet)>	java.sql.ResultSet
<com.ibm.websphere.samples.daytrader.impl.direct.TradeDirect: com.ibm.websphere.samples.daytrader.beans.MarketSummaryDataBean getMarketSummaryInternal()>	<com.ibm.websphere.samples.daytrader.impl.direct.TradeDirect: java.sql.PreparedStatement getStatement(java.sql.Connection,java.lang.String)>	java.sql.Connection
<com.ibm.websphere.samples.daytrader.impl.direct.TradeDirect: com.ibm.websphere.samples.daytrader.beans.MarketSummaryDataBean getMarketSummaryInternal()>	<com.ibm.websphere.samples.daytrader.impl.direct.TradeDirect: java.sql.PreparedStatement getStatement(java.sql.Connection,java.lang.String,int,int)>	int
<com.ibm.websphere.samples.daytrader.impl.direct.TradeDirect: com.ibm.websphere.samples.daytrader.beans.MarketSummaryDataBean getMarketSummaryInternal()>	<com.ibm.websphere.samples.daytrader.impl.direct.TradeDirect: java.sql.PreparedStatement getStatement(java.sql.Connection,java.lang.String,int,int)>	java.sql.Connection
<com.ibm.websphere.samples.daytrader.impl.direct.TradeDirect: java.util.Collection getAllQuotes()>	<com.ibm.websphere.samples.daytrader.impl.direct.TradeDirect: com.ibm.websphere.samples.daytrader.entities.QuoteDataBean getQuoteDataFromResultSet(java.sql.ResultSet)>	java.sql.ResultSet
<com.ibm.websphere.samples.daytrader.impl.direct.TradeDirect: java.util.Collection getAllQuotes()>	<com.ibm.websphere.samples.daytrader.impl.direct.TradeDirect: java.sql.PreparedStatement getStatement(java.sql.Connection,java.lang.String)>	java.sql.Connection
<com.ibm.websphere.samples.daytrader.web.jsf.PortfolioJSF: void getPortfolio()>	<com.ibm.websphere.samples.daytrader.util.FinancialUtils: java.math.BigDecimal computeGainPercent(java.math.BigDecimal,java.math.BigDecimal)>	java.math.BigDecimal
<com.ibm.websphere.samples.daytrader.entities.AccountDataBean: com.ibm.websphere.samples.daytrader.entities.AccountDataBean getRandomInstance()>	<com.ibm.websphere.samples.daytrader.util.TradeConfig: int rndInt(int)>	int
<com.ibm.websphere.samples.daytrader.entities.AccountDataBean: com.ibm.websphere.samples.daytrader.entities.AccountDataBean getRandomInstance()>	<com.ibm.websphere.samples.daytrader.util.TradeConfig: java.math.BigDecimal rndBigDecimal(float)>	float
<com.ibm.websphere.samples.daytrader.util.TradeConfig: java.lang.String rndAddress()>	<com.ibm.websphere.samples.daytrader.util.TradeConfig: int rndInt(int)>	int
<com.ibm.websphere.samples.daytrader.util.TradeConfig: java.lang.String rndCreditCard()>	<com.ibm.websphere.samples.daytrader.util.TradeConfig: int rndInt(int)>	int
<com.ibm.websphere.samples.daytrader.util.TradeConfig: java.lang.String rndFullName()>	<com.ibm.websphere.samples.daytrader.util.TradeConfig: int rndInt(int)>	int
<com.ibm.websphere.samples.daytrader.util.TradeConfig: float rndPrice()>	<com.ibm.websphere.samples.daytrader.util.TradeConfig: int rndInt(int)>	int
<com.ibm.websphere.samples.daytrader.util.TradeConfig: java.math.BigDecimal getRandomPriceChangeFactor()>	<com.ibm.websphere.samples.daytrader.util.TradeConfig: float rndFloat(int)>	int
<com.ibm.websphere.samples.daytrader.util.TradeConfig: float rndQuantity()>	<com.ibm.websphere.samples.daytrader.util.TradeConfig: int rndInt(int)>	int
<com.ibm.websphere.samples.daytrader.util.TradeConfig: java.lang.String rndSymbol()>	<com.ibm.websphere.samples.daytrader.util.TradeConfig: int rndInt(int)>	int
<com.ibm.websphere.samples.daytrader.util.TradeConfig: java.lang.String rndSymbols()>	<com.ibm.websphere.samples.daytrader.util.TradeConfig: int rndInt(int)>	int
<com.ibm.websphere.samples.daytrader.entities.HoldingDataBean: com.ibm.websphere.samples.daytrader.entities.HoldingDataBean getRandomInstance()>	<com.ibm.websphere.samples.daytrader.util.TradeConfig: int rndInt(int)>	int
<com.ibm.websphere.samples.daytrader.entities.HoldingDataBean: com.ibm.websphere.samples.daytrader.entities.HoldingDataBean getRandomInstance()>	<com.ibm.websphere.samples.daytrader.util.TradeConfig: java.math.BigDecimal rndBigDecimal(float)>	float
<com.ibm.websphere.samples.daytrader.web.jsf.TradeAppJSF: java.lang.String register()>	<com.ibm.websphere.samples.daytrader.interfaces.TradeServices: com.ibm.websphere.samples.daytrader.entities.AccountDataBean register(java.lang.String,java.lang.String,java.lang.String,java.lang.String,java.lang.String,java.lang.String,java.math.BigDecimal)>	java.math.BigDecimal
<com.ibm.websphere.samples.daytrader.util.KeyBlock$KeyBlockIterator: boolean hasNext()>	<com.ibm.websphere.samples.daytrader.util.KeyBlock: int access$000(com.ibm.websphere.samples.daytrader.util.KeyBlock)>	com.ibm.websphere.samples.daytrader.util.KeyBlock
<com.ibm.websphere.samples.daytrader.util.KeyBlock$KeyBlockIterator: boolean hasNext()>	<com.ibm.websphere.samples.daytrader.util.KeyBlock: int access$100(com.ibm.websphere.samples.daytrader.util.KeyBlock)>	com.ibm.websphere.samples.daytrader.util.KeyBlock
<com.ibm.websphere.samples.daytrader.util.KeyBlock$KeyBlockIterator: java.lang.Object next()>	<com.ibm.websphere.samples.daytrader.util.KeyBlock: int access$000(com.ibm.websphere.samples.daytrader.util.KeyBlock)>	com.ibm.websphere.samples.daytrader.util.KeyBlock
<com.ibm.websphere.samples.daytrader.util.KeyBlock$KeyBlockIterator: java.lang.Object next()>	<com.ibm.websphere.samples.daytrader.util.KeyBlock: int access$100(com.ibm.websphere.samples.daytrader.util.KeyBlock)>	com.ibm.websphere.samples.daytrader.util.KeyBlock
<com.ibm.websphere.samples.daytrader.util.KeyBlock$KeyBlockIterator: java.lang.Object next()>	<com.ibm.websphere.samples.daytrader.util.KeyBlock: int access$008(com.ibm.websphere.samples.daytrader.util.KeyBlock)>	com.ibm.websphere.samples.daytrader.util.KeyBlock
<com.ibm.websphere.samples.daytrader.util.KeyBlock$KeyBlockIterator: boolean hasPrevious()>	<com.ibm.websphere.samples.daytrader.util.KeyBlock: int access$000(com.ibm.websphere.samples.daytrader.util.KeyBlock)>	com.ibm.websphere.samples.daytrader.util.KeyBlock
<com.ibm.websphere.samples.daytrader.util.KeyBlock$KeyBlockIterator: boolean hasPrevious()>	<com.ibm.websphere.samples.daytrader.util.KeyBlock: int access$200(com.ibm.websphere.samples.daytrader.util.KeyBlock)>	com.ibm.websphere.samples.daytrader.util.KeyBlock
<com.ibm.websphere.samples.daytrader.util.KeyBlock$KeyBlockIterator: java.lang.Object previous()>	<com.ibm.websphere.samples.daytrader.util.KeyBlock: int access$006(com.ibm.websphere.samples.daytrader.util.KeyBlock)>	com.ibm.websphere.samples.daytrader.util.KeyBlock
<com.ibm.websphere.samples.daytrader.util.KeyBlock$KeyBlockIterator: int nextIndex()>	<com.ibm.websphere.samples.daytrader.util.KeyBlock: int access$000(com.ibm.websphere.samples.daytrader.util.KeyBlock)>	com.ibm.websphere.samples.daytrader.util.KeyBlock
<com.ibm.websphere.samples.daytrader.util.KeyBlock$KeyBlockIterator: int nextIndex()>	<com.ibm.websphere.samples.daytrader.util.KeyBlock: int access$200(com.ibm.websphere.samples.daytrader.util.KeyBlock)>	com.ibm.websphere.samples.daytrader.util.KeyBlock
<com.ibm.websphere.samples.daytrader.entities.OrderDataBean: com.ibm.websphere.samples.daytrader.entities.OrderDataBean getRandomInstance()>	<com.ibm.websphere.samples.daytrader.util.TradeConfig: int rndInt(int)>	int
<com.ibm.websphere.samples.daytrader.entities.OrderDataBean: com.ibm.websphere.samples.daytrader.entities.OrderDataBean getRandomInstance()>	<com.ibm.websphere.samples.daytrader.util.TradeConfig: java.math.BigDecimal rndBigDecimal(float)>	float
<com.ibm.websphere.samples.daytrader.web.jsf.HoldingData: java.lang.String getGainHTML()>	<com.ibm.websphere.samples.daytrader.util.FinancialUtils: java.lang.String printGainHTML(java.math.BigDecimal)>	java.math.BigDecimal
<com.ibm.websphere.samples.daytrader.entities.QuoteDataBean: com.ibm.websphere.samples.daytrader.entities.QuoteDataBean getRandomInstance()>	<com.ibm.websphere.samples.daytrader.util.TradeConfig: float rndFloat(int)>	int
<com.ibm.websphere.samples.daytrader.entities.QuoteDataBean: com.ibm.websphere.samples.daytrader.entities.QuoteDataBean getRandomInstance()>	<com.ibm.websphere.samples.daytrader.util.TradeConfig: java.math.BigDecimal rndBigDecimal(float)>	float
<com.ibm.websphere.samples.daytrader.web.jsf.TradeConfigJSF: java.lang.String resetTrade()>	<com.ibm.websphere.samples.daytrader.impl.direct.TradeDirectDBUtils: com.ibm.websphere.samples.daytrader.beans.RunStatsDataBean resetTrade(boolean)>	boolean
<com.ibm.websphere.samples.daytrader.web.jsf.QuoteJSF: java.lang.String buy()>	<com.ibm.websphere.samples.daytrader.interfaces.TradeServices: com.ibm.websphere.samples.daytrader.entities.OrderDataBean buy(java.lang.String,java.lang.String,double,int)>	int
<com.ibm.websphere.samples.daytrader.web.jsf.QuoteJSF: java.lang.String buy()>	<com.ibm.websphere.samples.daytrader.interfaces.TradeServices: com.ibm.websphere.samples.daytrader.entities.OrderDataBean buy(java.lang.String,java.lang.String,double,int)>	double
<com.ibm.websphere.samples.daytrader.web.prims.PingWebSocketJson$1: void run()>	<com.ibm.websphere.samples.daytrader.web.prims.PingWebSocketJson: javax.websocket.Session access$000(com.ibm.websphere.samples.daytrader.web.prims.PingWebSocketJson)>	com.ibm.websphere.samples.daytrader.web.prims.PingWebSocketJson
<com.ibm.websphere.samples.daytrader.web.prims.PingWebSocketJson$1: void run()>	<com.ibm.websphere.samples.daytrader.web.prims.PingWebSocketJson: java.lang.Integer access$100(com.ibm.websphere.samples.daytrader.web.prims.PingWebSocketJson)>	com.ibm.websphere.samples.daytrader.web.prims.PingWebSocketJson
<com.ibm.websphere.samples.daytrader.web.jsf.AccountDataJSF: java.lang.String getGainHTML()>	<com.ibm.websphere.samples.daytrader.util.FinancialUtils: java.lang.String printGainHTML(java.math.BigDecimal)>	java.math.BigDecimal
<com.ibm.websphere.samples.daytrader.web.jsf.AccountDataJSF: java.lang.String getGainPercentHTML()>	<com.ibm.websphere.samples.daytrader.util.FinancialUtils: java.lang.String printGainPercentHTML(java.math.BigDecimal)>	java.math.BigDecimal
<com.ibm.websphere.samples.daytrader.web.jsf.MarketSummaryJSF: java.lang.String getGainPercentHTML()>	<com.ibm.websphere.samples.daytrader.util.FinancialUtils: java.lang.String printGainPercentHTML(java.math.BigDecimal)>	java.math.BigDecimal
<com.ibm.websphere.samples.daytrader.web.jsf.QuoteData: java.lang.String getGainPercentHTML()>	<com.ibm.websphere.samples.daytrader.util.FinancialUtils: java.lang.String printGainPercentHTML(java.math.BigDecimal)>	java.math.BigDecimal
<com.ibm.websphere.samples.daytrader.web.jsf.QuoteData: java.lang.String getGainHTML()>	<com.ibm.websphere.samples.daytrader.util.FinancialUtils: java.lang.String printGainHTML(java.math.BigDecimal)>	java.math.BigDecimal
<com.ibm.websphere.samples.daytrader.web.jsf.PortfolioJSF: java.lang.String sell()>	<com.ibm.websphere.samples.daytrader.interfaces.TradeServices: com.ibm.websphere.samples.daytrader.entities.OrderDataBean sell(java.lang.String,java.lang.Integer,int)>	int
<com.ibm.websphere.samples.daytrader.web.jsf.PortfolioJSF: java.lang.String getTotalGainPercentHTML()>	<com.ibm.websphere.samples.daytrader.util.FinancialUtils: java.lang.String printGainPercentHTML(java.math.BigDecimal)>	java.math.BigDecimal
<com.ibm.websphere.samples.daytrader.beans.MarketSummaryDataBean: com.ibm.websphere.samples.daytrader.beans.MarketSummaryDataBean getRandomInstance()>	<com.ibm.websphere.samples.daytrader.util.TradeConfig: java.math.BigDecimal rndBigDecimal(float)>	float
<com.ibm.websphere.samples.daytrader.web.prims.beanval.SimpleBean1: void checkInjectionValidation()>	<com.ibm.websphere.samples.daytrader.web.prims.beanval.SimpleBean1: java.lang.String formatConstraintViolations(java.util.Set)>	java.util.Set
<com.ibm.websphere.samples.daytrader.beans.MarketSummaryDataBean: java.math.BigDecimal getGainPercent()>	<com.ibm.websphere.samples.daytrader.util.FinancialUtils: java.math.BigDecimal computeGainPercent(java.math.BigDecimal,java.math.BigDecimal)>	java.math.BigDecimal
