<com.ibm.websphere.samples.daytrader.web.prims.PingSession3: void doGet(javax.servlet.http.HttpServletRequest,javax.servlet.http.HttpServletResponse)>/$stack26	<com.ibm.websphere.samples.daytrader.web.prims.PingSession3: int hitCount>
<com.ibm.websphere.samples.daytrader.web.prims.PingSession3: void doGet(javax.servlet.http.HttpServletRequest,javax.servlet.http.HttpServletResponse)>/x#_108	<com.ibm.websphere.samples.daytrader.web.prims.PingSession3: int NUM_OBJECTS>
<com.ibm.websphere.samples.daytrader.web.prims.PingSession3: void init(javax.servlet.ServletConfig)>/$stack3	<com.ibm.websphere.samples.daytrader.web.prims.PingSession3: java.lang.String initTime>
<com.ibm.websphere.samples.daytrader.web.prims.PingSession3: void init(javax.servlet.ServletConfig)>/$numconstant0	<com.ibm.websphere.samples.daytrader.web.prims.PingSession3: int hitCount>
<com.ibm.websphere.samples.daytrader.web.prims.PingSession3: void <clinit>()>/$numconstant0	<com.ibm.websphere.samples.daytrader.web.prims.PingSession3: int NUM_OBJECTS>
<com.ibm.websphere.samples.daytrader.web.prims.PingSession3: void <clinit>()>/$null0	<com.ibm.websphere.samples.daytrader.web.prims.PingSession3: java.lang.String initTime>
<com.ibm.websphere.samples.daytrader.web.prims.PingSession3: void <clinit>()>/$numconstant1	<com.ibm.websphere.samples.daytrader.web.prims.PingSession3: int hitCount>
<com.ibm.websphere.samples.daytrader.web.prims.PingJDBCRead: void doGet(javax.servlet.http.HttpServletRequest,javax.servlet.http.HttpServletResponse)>/$stack20	<com.ibm.websphere.samples.daytrader.web.prims.PingJDBCRead: int hitCount>
<com.ibm.websphere.samples.daytrader.web.prims.PingJDBCRead: void init(javax.servlet.ServletConfig)>/$stack3	<com.ibm.websphere.samples.daytrader.web.prims.PingJDBCRead: java.lang.String initTime>
<com.ibm.websphere.samples.daytrader.web.prims.PingJDBCRead: void init(javax.servlet.ServletConfig)>/$numconstant0	<com.ibm.websphere.samples.daytrader.web.prims.PingJDBCRead: int hitCount>
<com.ibm.websphere.samples.daytrader.web.prims.PingServlet2ServletRcv: void init(javax.servlet.ServletConfig)>/$stack3	<com.ibm.websphere.samples.daytrader.web.prims.PingServlet2ServletRcv: java.lang.String initTime>
<com.ibm.websphere.samples.daytrader.web.prims.PingServlet2ServletRcv: void <clinit>()>/$null0	<com.ibm.websphere.samples.daytrader.web.prims.PingServlet2ServletRcv: java.lang.String initTime>
<com.ibm.websphere.samples.daytrader.web.prims.beanval.PingServletBeanValCDI: void init(javax.servlet.ServletConfig)>/$stack2	<com.ibm.websphere.samples.daytrader.web.prims.beanval.PingServletBeanValCDI: java.time.LocalDateTime initTime>
<com.ibm.websphere.samples.daytrader.web.prims.ejb3.PingServlet2Session2CMROne2Many: void doGet(javax.servlet.http.HttpServletRequest,javax.servlet.http.HttpServletResponse)>/$stack22	<com.ibm.websphere.samples.daytrader.web.prims.ejb3.PingServlet2Session2CMROne2Many: int hitCount>
<com.ibm.websphere.samples.daytrader.web.prims.ejb3.PingServlet2Session2CMROne2Many: void init(javax.servlet.ServletConfig)>/$stack3	<com.ibm.websphere.samples.daytrader.web.prims.ejb3.PingServlet2Session2CMROne2Many: java.lang.String initTime>
<com.ibm.websphere.samples.daytrader.web.prims.ejb3.PingServlet2Session2CMROne2Many: void init(javax.servlet.ServletConfig)>/$numconstant0	<com.ibm.websphere.samples.daytrader.web.prims.ejb3.PingServlet2Session2CMROne2Many: int hitCount>
<com.ibm.websphere.samples.daytrader.util.TradeConfig: java.lang.String getHostname()>/$stack4	<com.ibm.websphere.samples.daytrader.util.TradeConfig: java.lang.String hostName>
<com.ibm.websphere.samples.daytrader.util.TradeConfig: java.lang.String getHostname()>/$stack9	<com.ibm.websphere.samples.daytrader.util.TradeConfig: java.lang.String hostName>
<com.ibm.websphere.samples.daytrader.util.TradeConfig: java.lang.String getHostname()>/$stringconstant1	<com.ibm.websphere.samples.daytrader.util.TradeConfig: java.lang.String hostName>
<com.ibm.websphere.samples.daytrader.web.prims.ejb3.PingServlet2Session2CMROne2One: void doGet(javax.servlet.http.HttpServletRequest,javax.servlet.http.HttpServletResponse)>/$stack21	<com.ibm.websphere.samples.daytrader.web.prims.ejb3.PingServlet2Session2CMROne2One: int hitCount>
<com.ibm.websphere.samples.daytrader.util.TradeConfig: char getScenarioAction(boolean)>/$stack17	<com.ibm.websphere.samples.daytrader.util.TradeConfig: int sellDeficit>
<com.ibm.websphere.samples.daytrader.web.prims.ejb3.PingServlet2Session2CMROne2One: void init(javax.servlet.ServletConfig)>/$stack3	<com.ibm.websphere.samples.daytrader.web.prims.ejb3.PingServlet2Session2CMROne2One: java.lang.String initTime>
<com.ibm.websphere.samples.daytrader.web.prims.ejb3.PingServlet2Session2CMROne2One: void init(javax.servlet.ServletConfig)>/$numconstant0	<com.ibm.websphere.samples.daytrader.web.prims.ejb3.PingServlet2Session2CMROne2One: int hitCount>
<com.ibm.websphere.samples.daytrader.util.TradeConfig: void incrementSellDeficit()>/$stack1	<com.ibm.websphere.samples.daytrader.util.TradeConfig: int sellDeficit>
<com.ibm.websphere.samples.daytrader.util.TradeConfig: java.lang.String nextUserID()>/$stack10	<com.ibm.websphere.samples.daytrader.util.TradeConfig: int userID_count>
<com.ibm.websphere.samples.daytrader.util.TradeConfig: java.lang.String nextUserID()>/$numconstant0	<com.ibm.websphere.samples.daytrader.util.TradeConfig: int userID_count>
<com.ibm.websphere.samples.daytrader.util.TradeConfig: java.lang.String rndNewUserID()>/$stack7	<com.ibm.websphere.samples.daytrader.util.TradeConfig: int count>
<com.ibm.websphere.samples.daytrader.web.prims.PingServlet31AsyncRead: void init(javax.servlet.ServletConfig)>/$stack3	<com.ibm.websphere.samples.daytrader.web.prims.PingServlet31AsyncRead: java.lang.String initTime>
<com.ibm.websphere.samples.daytrader.web.prims.PingServlet31AsyncRead: void init(javax.servlet.ServletConfig)>/$numconstant0	<com.ibm.websphere.samples.daytrader.web.prims.PingServlet31AsyncRead: int hitCount>
<com.ibm.websphere.samples.daytrader.web.prims.PingServlet31AsyncRead: int access$104()>/$stack1	<com.ibm.websphere.samples.daytrader.web.prims.PingServlet31AsyncRead: int hitCount>
<com.ibm.websphere.samples.daytrader.util.TradeConfig: java.lang.String getNextUserIDFromDeck()>/$stack8	<com.ibm.websphere.samples.daytrader.util.TradeConfig: int card>
<com.ibm.websphere.samples.daytrader.util.TradeConfig: java.lang.String getNextUserIDFromDeck()>/$stack15	<com.ibm.websphere.samples.daytrader.util.TradeConfig: java.util.ArrayList deck>
<com.ibm.websphere.samples.daytrader.util.TradeConfig: java.lang.String getNextUserIDFromDeck()>/$numconstant0	<com.ibm.websphere.samples.daytrader.util.TradeConfig: int card>
<com.ibm.websphere.samples.daytrader.util.TradeConfig: void setConfigParam(java.lang.String,java.lang.String)>/$stack18	<com.ibm.websphere.samples.daytrader.util.TradeConfig: int primIterations>
<com.ibm.websphere.samples.daytrader.util.TradeConfig: void setConfigParam(java.lang.String,java.lang.String)>/$stack19	<com.ibm.websphere.samples.daytrader.util.TradeConfig: int MAX_QUOTES>
<com.ibm.websphere.samples.daytrader.util.TradeConfig: void setConfigParam(java.lang.String,java.lang.String)>/$stack20	<com.ibm.websphere.samples.daytrader.util.TradeConfig: int MAX_USERS>
<com.ibm.websphere.samples.daytrader.util.TradeConfig: void setConfigParam(java.lang.String,java.lang.String)>/i_$$A_1#_456	<com.ibm.websphere.samples.daytrader.util.TradeConfig: int orderProcessingMode>
<com.ibm.websphere.samples.daytrader.util.TradeConfig: void setConfigParam(java.lang.String,java.lang.String)>/i_$$A_4#_468	<com.ibm.websphere.samples.daytrader.util.TradeConfig: int accessMode>
<com.ibm.websphere.samples.daytrader.util.TradeConfig: void setConfigParam(java.lang.String,java.lang.String)>/i_$$A_7#_480	<com.ibm.websphere.samples.daytrader.util.TradeConfig: int webInterface>
<com.ibm.websphere.samples.daytrader.util.TradeConfig: void setMAX_USERS(int)>/mAX_USERS#_0	<com.ibm.websphere.samples.daytrader.util.TradeConfig: int MAX_USERS>
<com.ibm.websphere.samples.daytrader.util.TradeConfig: void setMAX_USERS(int)>/$null0	<com.ibm.websphere.samples.daytrader.util.TradeConfig: java.util.ArrayList deck>
<com.ibm.websphere.samples.daytrader.util.TradeConfig: void setMAX_QUOTES(int)>/mAX_QUOTES#_0	<com.ibm.websphere.samples.daytrader.util.TradeConfig: int MAX_QUOTES>
<com.ibm.websphere.samples.daytrader.util.TradeConfig: void setMAX_HOLDINGS(int)>/mAX_HOLDINGS#_0	<com.ibm.websphere.samples.daytrader.util.TradeConfig: int MAX_HOLDINGS>
<com.ibm.websphere.samples.daytrader.util.TradeConfig: void setScenarioCount(int)>/scenarioCount#_0	<com.ibm.websphere.samples.daytrader.util.TradeConfig: int scenarioCount>
<com.ibm.websphere.samples.daytrader.util.TradeConfig: void incrementScenarioCount()>/$stack1	<com.ibm.websphere.samples.daytrader.util.TradeConfig: int scenarioCount>
<com.ibm.websphere.samples.daytrader.util.TradeConfig: void setJDBCDriverNeedsGlobalTransation(boolean)>/JDBCDriverNeedsGlobalTransationVal#_0	<com.ibm.websphere.samples.daytrader.util.TradeConfig: boolean JDBCDriverNeedsGlobalTransation>
<com.ibm.websphere.samples.daytrader.util.TradeConfig: void setUpdateQuotePrices(boolean)>/updateQuotePrices#_0	<com.ibm.websphere.samples.daytrader.util.TradeConfig: boolean updateQuotePrices>
<com.ibm.websphere.samples.daytrader.util.TradeConfig: void setPrimIterations(int)>/iter#_0	<com.ibm.websphere.samples.daytrader.util.TradeConfig: int primIterations>
<com.ibm.websphere.samples.daytrader.util.TradeConfig: void setLongRun(boolean)>/longRun#_0	<com.ibm.websphere.samples.daytrader.util.TradeConfig: boolean longRun>
<com.ibm.websphere.samples.daytrader.util.TradeConfig: void setPublishQuotePriceChange(boolean)>/publishQuotePriceChange#_0	<com.ibm.websphere.samples.daytrader.util.TradeConfig: boolean publishQuotePriceChange>
<com.ibm.websphere.samples.daytrader.util.TradeConfig: void setMarketSummaryInterval(int)>/seconds#_0	<com.ibm.websphere.samples.daytrader.util.TradeConfig: int marketSummaryInterval>
<com.ibm.websphere.samples.daytrader.util.TradeConfig: void setRunTimeMode(int)>/value#_0	<com.ibm.websphere.samples.daytrader.util.TradeConfig: int runTimeMode>
<com.ibm.websphere.samples.daytrader.util.TradeConfig: void setOrderProcessingMode(int)>/value#_0	<com.ibm.websphere.samples.daytrader.util.TradeConfig: int orderProcessingMode>
<com.ibm.websphere.samples.daytrader.util.TradeConfig: void setAccessMode(int)>/value#_0	<com.ibm.websphere.samples.daytrader.util.TradeConfig: int accessMode>
<com.ibm.websphere.samples.daytrader.util.TradeConfig: void setWebInterface(int)>/value#_0	<com.ibm.websphere.samples.daytrader.util.TradeConfig: int webInterface>
<com.ibm.websphere.samples.daytrader.util.TradeConfig: void setDisplayOrderAlerts(boolean)>/value#_0	<com.ibm.websphere.samples.daytrader.util.TradeConfig: boolean displayOrderAlerts>
<com.ibm.websphere.samples.daytrader.util.TradeConfig: void setListQuotePriceChangeFrequency(int)>/value#_0	<com.ibm.websphere.samples.daytrader.util.TradeConfig: int listQuotePriceChangeFrequency>
<com.ibm.websphere.samples.daytrader.util.TradeConfig: void <clinit>()>/$stack0	<com.ibm.websphere.samples.daytrader.util.TradeConfig: java.lang.String[] runTimeModeNames>
<com.ibm.websphere.samples.daytrader.util.TradeConfig: void <clinit>()>/$stack1	<com.ibm.websphere.samples.daytrader.util.TradeConfig: java.lang.String[] orderProcessingModeNames>
<com.ibm.websphere.samples.daytrader.util.TradeConfig: void <clinit>()>/$stack2	<com.ibm.websphere.samples.daytrader.util.TradeConfig: java.lang.String[] accessModeNames>
<com.ibm.websphere.samples.daytrader.util.TradeConfig: void <clinit>()>/$stack3	<com.ibm.websphere.samples.daytrader.util.TradeConfig: java.lang.String[] webInterfaceNames>
<com.ibm.websphere.samples.daytrader.util.TradeConfig: void <clinit>()>/$stack4	<com.ibm.websphere.samples.daytrader.util.TradeConfig: java.lang.Object userID_count_semaphore>
<com.ibm.websphere.samples.daytrader.util.TradeConfig: void <clinit>()>/$stack5	<com.ibm.websphere.samples.daytrader.util.TradeConfig: java.util.Random r0>
<com.ibm.websphere.samples.daytrader.util.TradeConfig: void <clinit>()>/$stack7	<com.ibm.websphere.samples.daytrader.util.TradeConfig: java.util.Random randomNumberGenerator>
<com.ibm.websphere.samples.daytrader.util.TradeConfig: void <clinit>()>/$stack8	<com.ibm.websphere.samples.daytrader.util.TradeConfig: java.math.BigDecimal PENNY_STOCK_PRICE>
<com.ibm.websphere.samples.daytrader.util.TradeConfig: void <clinit>()>/$stack10	<com.ibm.websphere.samples.daytrader.util.TradeConfig: java.math.BigDecimal PENNY_STOCK_PRICE>
<com.ibm.websphere.samples.daytrader.util.TradeConfig: void <clinit>()>/$stack11	<com.ibm.websphere.samples.daytrader.util.TradeConfig: java.math.BigDecimal PENNY_STOCK_RECOVERY_MIRACLE_MULTIPLIER>
<com.ibm.websphere.samples.daytrader.util.TradeConfig: void <clinit>()>/$stack14	<com.ibm.websphere.samples.daytrader.util.TradeConfig: java.math.BigDecimal MAXIMUM_STOCK_PRICE>
<com.ibm.websphere.samples.daytrader.util.TradeConfig: void <clinit>()>/$stack17	<com.ibm.websphere.samples.daytrader.util.TradeConfig: java.math.BigDecimal MAXIMUM_STOCK_SPLIT_MULTIPLIER>
<com.ibm.websphere.samples.daytrader.util.TradeConfig: void <clinit>()>/$stack20	<com.ibm.websphere.samples.daytrader.util.TradeConfig: int[][] scenarioMixes>
<com.ibm.websphere.samples.daytrader.util.TradeConfig: void <clinit>()>/$stack23	<com.ibm.websphere.samples.daytrader.util.TradeConfig: char[] actions>
<com.ibm.websphere.samples.daytrader.util.TradeConfig: void <clinit>()>/$stack24	<com.ibm.websphere.samples.daytrader.util.TradeConfig: java.lang.String[][] webUI>
<com.ibm.websphere.samples.daytrader.util.TradeConfig: void <clinit>()>/$stack28	<com.ibm.websphere.samples.daytrader.util.TradeConfig: java.math.BigDecimal orderFee>
<com.ibm.websphere.samples.daytrader.util.TradeConfig: void <clinit>()>/$stack29	<com.ibm.websphere.samples.daytrader.util.TradeConfig: java.math.BigDecimal cashFee>
<com.ibm.websphere.samples.daytrader.util.TradeConfig: void <clinit>()>/$stack30	<com.ibm.websphere.samples.daytrader.util.TradeConfig: java.math.BigDecimal ONE>
<com.ibm.websphere.samples.daytrader.util.TradeConfig: void <clinit>()>/$numconstant0	<com.ibm.websphere.samples.daytrader.util.TradeConfig: int runTimeMode>
<com.ibm.websphere.samples.daytrader.util.TradeConfig: void <clinit>()>/$numconstant1	<com.ibm.websphere.samples.daytrader.util.TradeConfig: int orderProcessingMode>
<com.ibm.websphere.samples.daytrader.util.TradeConfig: void <clinit>()>/$numconstant2	<com.ibm.websphere.samples.daytrader.util.TradeConfig: int accessMode>
<com.ibm.websphere.samples.daytrader.util.TradeConfig: void <clinit>()>/$numconstant3	<com.ibm.websphere.samples.daytrader.util.TradeConfig: int webInterface>
<com.ibm.websphere.samples.daytrader.util.TradeConfig: void <clinit>()>/$numconstant4	<com.ibm.websphere.samples.daytrader.util.TradeConfig: int MAX_USERS>
<com.ibm.websphere.samples.daytrader.util.TradeConfig: void <clinit>()>/$numconstant5	<com.ibm.websphere.samples.daytrader.util.TradeConfig: int MAX_QUOTES>
<com.ibm.websphere.samples.daytrader.util.TradeConfig: void <clinit>()>/$numconstant6	<com.ibm.websphere.samples.daytrader.util.TradeConfig: boolean JDBCDriverNeedsGlobalTransation>
<com.ibm.websphere.samples.daytrader.util.TradeConfig: void <clinit>()>/$stringconstant11	<com.ibm.websphere.samples.daytrader.util.TradeConfig: java.lang.String DATASOURCE>
<com.ibm.websphere.samples.daytrader.util.TradeConfig: void <clinit>()>/$numconstant7	<com.ibm.websphere.samples.daytrader.util.TradeConfig: int KEYBLOCKSIZE>
<com.ibm.websphere.samples.daytrader.util.TradeConfig: void <clinit>()>/$numconstant8	<com.ibm.websphere.samples.daytrader.util.TradeConfig: int QUOTES_PER_PAGE>
<com.ibm.websphere.samples.daytrader.util.TradeConfig: void <clinit>()>/$numconstant9	<com.ibm.websphere.samples.daytrader.util.TradeConfig: boolean RND_USER>
<com.ibm.websphere.samples.daytrader.util.TradeConfig: void <clinit>()>/$numconstant10	<com.ibm.websphere.samples.daytrader.util.TradeConfig: int MAX_HOLDINGS>
<com.ibm.websphere.samples.daytrader.util.TradeConfig: void <clinit>()>/$numconstant11	<com.ibm.websphere.samples.daytrader.util.TradeConfig: int count>
<com.ibm.websphere.samples.daytrader.util.TradeConfig: void <clinit>()>/$numconstant12	<com.ibm.websphere.samples.daytrader.util.TradeConfig: int userID_count>
<com.ibm.websphere.samples.daytrader.util.TradeConfig: void <clinit>()>/$null0	<com.ibm.websphere.samples.daytrader.util.TradeConfig: java.lang.String hostName>
<com.ibm.websphere.samples.daytrader.util.TradeConfig: void <clinit>()>/$numconstant13	<com.ibm.websphere.samples.daytrader.util.TradeConfig: boolean updateQuotePrices>
<com.ibm.websphere.samples.daytrader.util.TradeConfig: void <clinit>()>/$numconstant14	<com.ibm.websphere.samples.daytrader.util.TradeConfig: int primIterations>
<com.ibm.websphere.samples.daytrader.util.TradeConfig: void <clinit>()>/$numconstant15	<com.ibm.websphere.samples.daytrader.util.TradeConfig: boolean longRun>
<com.ibm.websphere.samples.daytrader.util.TradeConfig: void <clinit>()>/$numconstant16	<com.ibm.websphere.samples.daytrader.util.TradeConfig: boolean publishQuotePriceChange>
<com.ibm.websphere.samples.daytrader.util.TradeConfig: void <clinit>()>/$numconstant17	<com.ibm.websphere.samples.daytrader.util.TradeConfig: int listQuotePriceChangeFrequency>
<com.ibm.websphere.samples.daytrader.util.TradeConfig: void <clinit>()>/$numconstant18	<com.ibm.websphere.samples.daytrader.util.TradeConfig: boolean displayOrderAlerts>
<com.ibm.websphere.samples.daytrader.util.TradeConfig: void <clinit>()>/$numconstant19	<com.ibm.websphere.samples.daytrader.util.TradeConfig: int marketSummaryInterval>
<com.ibm.websphere.samples.daytrader.util.TradeConfig: void <clinit>()>/$numconstant62	<com.ibm.websphere.samples.daytrader.util.TradeConfig: int sellDeficit>
<com.ibm.websphere.samples.daytrader.util.TradeConfig: void <clinit>()>/$numconstant63	<com.ibm.websphere.samples.daytrader.util.TradeConfig: int scenarioCount>
<com.ibm.websphere.samples.daytrader.util.TradeConfig: void <clinit>()>/$null1	<com.ibm.websphere.samples.daytrader.util.TradeConfig: java.util.ArrayList deck>
<com.ibm.websphere.samples.daytrader.util.TradeConfig: void <clinit>()>/$numconstant65	<com.ibm.websphere.samples.daytrader.util.TradeConfig: int card>
<com.ibm.websphere.samples.daytrader.web.prims.PingSession2: void doGet(javax.servlet.http.HttpServletRequest,javax.servlet.http.HttpServletResponse)>/$stack22	<com.ibm.websphere.samples.daytrader.web.prims.PingSession2: int hitCount>
<com.ibm.websphere.samples.daytrader.web.prims.PingSession2: void init(javax.servlet.ServletConfig)>/$stack3	<com.ibm.websphere.samples.daytrader.web.prims.PingSession2: java.lang.String initTime>
<com.ibm.websphere.samples.daytrader.web.prims.PingSession2: void init(javax.servlet.ServletConfig)>/$numconstant0	<com.ibm.websphere.samples.daytrader.web.prims.PingSession2: int hitCount>
<com.ibm.websphere.samples.daytrader.web.prims.beanval.PingServletBeanValSimple2: void doGet(javax.servlet.http.HttpServletRequest,javax.servlet.http.HttpServletResponse)>/$stack9	<com.ibm.websphere.samples.daytrader.web.prims.beanval.PingServletBeanValSimple2: int hitCount>
<com.ibm.websphere.samples.daytrader.web.prims.beanval.PingServletBeanValSimple2: void init(javax.servlet.ServletConfig)>/$stack2	<com.ibm.websphere.samples.daytrader.web.prims.beanval.PingServletBeanValSimple2: java.time.LocalDateTime initTime>
<com.ibm.websphere.samples.daytrader.web.prims.beanval.PingServletBeanValSimple2: void <clinit>()>/$numconstant0	<com.ibm.websphere.samples.daytrader.web.prims.beanval.PingServletBeanValSimple2: int hitCount>
<com.ibm.websphere.samples.daytrader.web.prims.ejb3.PingServlet2Entity: void doGet(javax.servlet.http.HttpServletRequest,javax.servlet.http.HttpServletResponse)>/$stack21	<com.ibm.websphere.samples.daytrader.web.prims.ejb3.PingServlet2Entity: int hitCount>
<com.ibm.websphere.samples.daytrader.web.prims.ejb3.PingServlet2Entity: void init(javax.servlet.ServletConfig)>/$stack3	<com.ibm.websphere.samples.daytrader.web.prims.ejb3.PingServlet2Entity: java.lang.String initTime>
<com.ibm.websphere.samples.daytrader.web.prims.ejb3.PingServlet2Entity: void init(javax.servlet.ServletConfig)>/$numconstant0	<com.ibm.websphere.samples.daytrader.web.prims.ejb3.PingServlet2Entity: int hitCount>
<com.ibm.websphere.samples.daytrader.web.prims.PingServletWriter: void doGet(javax.servlet.http.HttpServletRequest,javax.servlet.http.HttpServletResponse)>/$stack6	<com.ibm.websphere.samples.daytrader.web.prims.PingServletWriter: int hitCount>
<com.ibm.websphere.samples.daytrader.web.prims.PingServlet2Servlet: void doGet(javax.servlet.http.HttpServletRequest,javax.servlet.http.HttpServletResponse)>/$stack7	<com.ibm.websphere.samples.daytrader.web.prims.PingServlet2Servlet: int hitCount>
<com.ibm.websphere.samples.daytrader.web.prims.PingServletWriter: void init(javax.servlet.ServletConfig)>/$stack3	<com.ibm.websphere.samples.daytrader.web.prims.PingServletWriter: java.lang.String initTime>
<com.ibm.websphere.samples.daytrader.web.prims.PingServletWriter: void init(javax.servlet.ServletConfig)>/$numconstant0	<com.ibm.websphere.samples.daytrader.web.prims.PingServletWriter: int hitCount>
<com.ibm.websphere.samples.daytrader.web.prims.PingServlet2Servlet: void <clinit>()>/$numconstant0	<com.ibm.websphere.samples.daytrader.web.prims.PingServlet2Servlet: int hitCount>
<com.ibm.websphere.samples.daytrader.web.prims.cdi.PingServletCDIBeanManagerViaJNDI: void init(javax.servlet.ServletConfig)>/$stack3	<com.ibm.websphere.samples.daytrader.web.prims.cdi.PingServletCDIBeanManagerViaJNDI: java.lang.String initTime>
<com.ibm.websphere.samples.daytrader.web.prims.PingManagedExecutor: void init(javax.servlet.ServletConfig)>/$stack3	<com.ibm.websphere.samples.daytrader.web.prims.PingManagedExecutor: java.lang.String initTime>
<com.ibm.websphere.samples.daytrader.web.prims.PingManagedExecutor: void init(javax.servlet.ServletConfig)>/$numconstant0	<com.ibm.websphere.samples.daytrader.web.prims.PingManagedExecutor: int hitCount>
<com.ibm.websphere.samples.daytrader.web.prims.PingManagedExecutor: int access$004()>/$stack1	<com.ibm.websphere.samples.daytrader.web.prims.PingManagedExecutor: int hitCount>
<com.ibm.websphere.samples.daytrader.web.prims.beanval.CDIMethodConstraintBean: int getHitCount(java.time.LocalDateTime)>/$stack3	<com.ibm.websphere.samples.daytrader.web.prims.beanval.CDIMethodConstraintBean: int hitCount>
<com.ibm.websphere.samples.daytrader.web.prims.beanval.CDIMethodConstraintBean: void <clinit>()>/$numconstant0	<com.ibm.websphere.samples.daytrader.web.prims.beanval.CDIMethodConstraintBean: int hitCount>
<com.ibm.websphere.samples.daytrader.util.TraceInterceptor: void <clinit>()>/$stack0	<com.ibm.websphere.samples.daytrader.util.TraceInterceptor: java.text.MessageFormat form>
<com.ibm.websphere.samples.daytrader.util.MDBStats: com.ibm.websphere.samples.daytrader.util.MDBStats getInstance()>/$stack2	<com.ibm.websphere.samples.daytrader.util.MDBStats: com.ibm.websphere.samples.daytrader.util.MDBStats mdbStats>
<com.ibm.websphere.samples.daytrader.util.MDBStats: void <clinit>()>/$null0	<com.ibm.websphere.samples.daytrader.util.MDBStats: com.ibm.websphere.samples.daytrader.util.MDBStats mdbStats>
<com.ibm.websphere.samples.daytrader.web.prims.cdi.PingEJBLocal: java.lang.String getMsg()>/$stack4	<com.ibm.websphere.samples.daytrader.web.prims.cdi.PingEJBLocal: int hitCount>
<com.ibm.websphere.samples.daytrader.web.prims.PingServlet2PDF: void doGet(javax.servlet.http.HttpServletRequest,javax.servlet.http.HttpServletResponse)>/$stack15	<com.ibm.websphere.samples.daytrader.web.prims.PingServlet2PDF: int hitCount>
<com.ibm.websphere.samples.daytrader.web.prims.PingServlet2PDF: void <clinit>()>/$numconstant0	<com.ibm.websphere.samples.daytrader.web.prims.PingServlet2PDF: int hitCount>
<com.ibm.websphere.samples.daytrader.web.prims.http2.PingServletSimple: void doGet(javax.servlet.http.HttpServletRequest,javax.servlet.http.HttpServletResponse)>/$stack8	<com.ibm.websphere.samples.daytrader.web.prims.http2.PingServletSimple: int hitCount>
<com.ibm.websphere.samples.daytrader.web.prims.http2.PingServletSimple: void init(javax.servlet.ServletConfig)>/$stack3	<com.ibm.websphere.samples.daytrader.web.prims.http2.PingServletSimple: java.lang.String initTime>
<com.ibm.websphere.samples.daytrader.web.prims.http2.PingServletSimple: void init(javax.servlet.ServletConfig)>/$numconstant0	<com.ibm.websphere.samples.daytrader.web.prims.http2.PingServletSimple: int hitCount>
<com.ibm.websphere.samples.daytrader.web.prims.PingServlet: void doGet(javax.servlet.http.HttpServletRequest,javax.servlet.http.HttpServletResponse)>/$stack6	<com.ibm.websphere.samples.daytrader.web.prims.PingServlet: int hitCount>
<com.ibm.websphere.samples.daytrader.web.prims.PingServlet: void init(javax.servlet.ServletConfig)>/$stack3	<com.ibm.websphere.samples.daytrader.web.prims.PingServlet: java.lang.String initTime>
<com.ibm.websphere.samples.daytrader.web.prims.PingServlet: void init(javax.servlet.ServletConfig)>/$numconstant0	<com.ibm.websphere.samples.daytrader.web.prims.PingServlet: int hitCount>
<com.ibm.websphere.samples.daytrader.web.prims.cdi.PingServletCDI: void init(javax.servlet.ServletConfig)>/$stack3	<com.ibm.websphere.samples.daytrader.web.prims.cdi.PingServletCDI: java.lang.String initTime>
<com.ibm.websphere.samples.daytrader.web.websocket.MarketSummaryWebSocket: void <clinit>()>/$stack0	<com.ibm.websphere.samples.daytrader.web.websocket.MarketSummaryWebSocket: java.util.List sessions>
<com.ibm.websphere.samples.daytrader.web.prims.http2.PingServletPush: void doGet(javax.servlet.http.HttpServletRequest,javax.servlet.http.HttpServletResponse)>/$stack9	<com.ibm.websphere.samples.daytrader.web.prims.http2.PingServletPush: int hitCount>
<com.ibm.websphere.samples.daytrader.web.jsf.LoginValidator: void validate(javax.faces.context.FacesContext,javax.faces.component.UIComponent,java.lang.Object)>/$stack13	<com.ibm.websphere.samples.daytrader.web.jsf.LoginValidator: java.util.regex.Matcher matcher>
<com.ibm.websphere.samples.daytrader.web.prims.http2.PingServletPush: void init(javax.servlet.ServletConfig)>/$stack3	<com.ibm.websphere.samples.daytrader.web.prims.http2.PingServletPush: java.lang.String initTime>
<com.ibm.websphere.samples.daytrader.web.prims.http2.PingServletPush: void init(javax.servlet.ServletConfig)>/$numconstant0	<com.ibm.websphere.samples.daytrader.web.prims.http2.PingServletPush: int hitCount>
<com.ibm.websphere.samples.daytrader.web.jsf.LoginValidator: void <clinit>()>/$stack1	<com.ibm.websphere.samples.daytrader.web.jsf.LoginValidator: java.util.regex.Pattern pattern>
<com.ibm.websphere.samples.daytrader.web.jsf.LoginValidator: void <clinit>()>/$stringconstant0	<com.ibm.websphere.samples.daytrader.web.jsf.LoginValidator: java.lang.String loginRegex>
<com.ibm.websphere.samples.daytrader.web.prims.PingJSONPStreaming$1: void <clinit>()>/$stack3	<com.ibm.websphere.samples.daytrader.web.prims.PingJSONPStreaming$1: int[] $SwitchMap$javax$json$stream$JsonParser$Event>
<com.ibm.websphere.samples.daytrader.web.prims.PingManagedThread: void init(javax.servlet.ServletConfig)>/$stack3	<com.ibm.websphere.samples.daytrader.web.prims.PingManagedThread: java.lang.String initTime>
<com.ibm.websphere.samples.daytrader.web.prims.PingManagedThread: void init(javax.servlet.ServletConfig)>/$numconstant0	<com.ibm.websphere.samples.daytrader.web.prims.PingManagedThread: int hitCount>
<com.ibm.websphere.samples.daytrader.web.prims.PingManagedThread: int access$004()>/$stack1	<com.ibm.websphere.samples.daytrader.web.prims.PingManagedThread: int hitCount>
<com.ibm.websphere.samples.daytrader.web.websocket.QuotePriceChangeListEncoder: void <clinit>()>/$stack0	<com.ibm.websphere.samples.daytrader.web.websocket.QuotePriceChangeListEncoder: javax.json.JsonBuilderFactory jsonObjectFactory>
<com.ibm.websphere.samples.daytrader.web.prims.PingServlet2Include: void doGet(javax.servlet.http.HttpServletRequest,javax.servlet.http.HttpServletResponse)>/$stack13	<com.ibm.websphere.samples.daytrader.web.prims.PingServlet2Include: int hitCount>
<com.ibm.websphere.samples.daytrader.web.prims.PingServlet2Include: void init(javax.servlet.ServletConfig)>/$stack3	<com.ibm.websphere.samples.daytrader.web.prims.PingServlet2Include: java.lang.String initTime>
<com.ibm.websphere.samples.daytrader.web.prims.PingServlet2Include: void init(javax.servlet.ServletConfig)>/$numconstant0	<com.ibm.websphere.samples.daytrader.web.prims.PingServlet2Include: int hitCount>
<com.ibm.websphere.samples.daytrader.web.prims.PingJDBCWrite: void doGet(javax.servlet.http.HttpServletRequest,javax.servlet.http.HttpServletResponse)>/$stack22	<com.ibm.websphere.samples.daytrader.web.prims.PingJDBCWrite: int hitCount>
<com.ibm.websphere.samples.daytrader.web.prims.PingJDBCWrite: void init(javax.servlet.ServletConfig)>/$stack3	<com.ibm.websphere.samples.daytrader.web.prims.PingJDBCWrite: java.lang.String initTime>
<com.ibm.websphere.samples.daytrader.web.prims.PingJDBCWrite: void init(javax.servlet.ServletConfig)>/$numconstant0	<com.ibm.websphere.samples.daytrader.web.prims.PingJDBCWrite: int hitCount>
<com.ibm.websphere.samples.daytrader.web.prims.ejb3.PingServlet2Session2EntityCollection: void doGet(javax.servlet.http.HttpServletRequest,javax.servlet.http.HttpServletResponse)>/$stack22	<com.ibm.websphere.samples.daytrader.web.prims.ejb3.PingServlet2Session2EntityCollection: int hitCount>
<com.ibm.websphere.samples.daytrader.web.prims.ejb3.PingServlet2Session2EntityCollection: void init(javax.servlet.ServletConfig)>/$stack3	<com.ibm.websphere.samples.daytrader.web.prims.ejb3.PingServlet2Session2EntityCollection: java.lang.String initTime>
<com.ibm.websphere.samples.daytrader.web.prims.ejb3.PingServlet2Session2EntityCollection: void init(javax.servlet.ServletConfig)>/$numconstant0	<com.ibm.websphere.samples.daytrader.web.prims.ejb3.PingServlet2Session2EntityCollection: int hitCount>
<com.ibm.websphere.samples.daytrader.web.prims.PingJSONPObjectFactory: void doGet(javax.servlet.http.HttpServletRequest,javax.servlet.http.HttpServletResponse)>/$stack10	<com.ibm.websphere.samples.daytrader.web.prims.PingJSONPObjectFactory: int hitCount>
<com.ibm.websphere.samples.daytrader.web.prims.PingJSONPObjectFactory: void init(javax.servlet.ServletConfig)>/$stack3	<com.ibm.websphere.samples.daytrader.web.prims.PingJSONPObjectFactory: java.lang.String initTime>
<com.ibm.websphere.samples.daytrader.web.prims.PingJSONPObjectFactory: void init(javax.servlet.ServletConfig)>/$numconstant0	<com.ibm.websphere.samples.daytrader.web.prims.PingJSONPObjectFactory: int hitCount>
<com.ibm.websphere.samples.daytrader.web.prims.PingJSONPObjectFactory: void <clinit>()>/$stack0	<com.ibm.websphere.samples.daytrader.web.prims.PingJSONPObjectFactory: javax.json.JsonBuilderFactory jSONObjectFactory>
<com.ibm.websphere.samples.daytrader.web.prims.PingJSONPObjectFactory: void <clinit>()>/$stack1	<com.ibm.websphere.samples.daytrader.web.prims.PingJSONPObjectFactory: javax.json.JsonReaderFactory jSONReaderFactory>
<com.ibm.websphere.samples.daytrader.web.prims.ejb3.PingServlet2MDBTopic: void doGet(javax.servlet.http.HttpServletRequest,javax.servlet.http.HttpServletResponse)>/$stack22	<com.ibm.websphere.samples.daytrader.web.prims.ejb3.PingServlet2MDBTopic: int hitCount>
<com.ibm.websphere.samples.daytrader.web.prims.ejb3.PingServlet2MDBTopic: void init(javax.servlet.ServletConfig)>/$stack3	<com.ibm.websphere.samples.daytrader.web.prims.ejb3.PingServlet2MDBTopic: java.lang.String initTime>
<com.ibm.websphere.samples.daytrader.web.prims.ejb3.PingServlet2MDBTopic: void init(javax.servlet.ServletConfig)>/$numconstant0	<com.ibm.websphere.samples.daytrader.web.prims.ejb3.PingServlet2MDBTopic: int hitCount>
<com.ibm.websphere.samples.daytrader.web.prims.PingServlet31Async: void init(javax.servlet.ServletConfig)>/$stack3	<com.ibm.websphere.samples.daytrader.web.prims.PingServlet31Async: java.lang.String initTime>
<com.ibm.websphere.samples.daytrader.web.prims.PingServlet31Async: void init(javax.servlet.ServletConfig)>/$numconstant0	<com.ibm.websphere.samples.daytrader.web.prims.PingServlet31Async: int hitCount>
<com.ibm.websphere.samples.daytrader.web.prims.PingServlet31Async: int access$104()>/$stack1	<com.ibm.websphere.samples.daytrader.web.prims.PingServlet31Async: int hitCount>
<com.ibm.websphere.samples.daytrader.web.websocket.ActionMessage$1: void <clinit>()>/$stack3	<com.ibm.websphere.samples.daytrader.web.websocket.ActionMessage$1: int[] $SwitchMap$javax$json$stream$JsonParser$Event>
<com.ibm.websphere.samples.daytrader.web.prims.beanval.PingServletBeanValSimple1: void doGet(javax.servlet.http.HttpServletRequest,javax.servlet.http.HttpServletResponse)>/$stack9	<com.ibm.websphere.samples.daytrader.web.prims.beanval.PingServletBeanValSimple1: int hitCount>
<com.ibm.websphere.samples.daytrader.web.prims.beanval.PingServletBeanValSimple1: void init(javax.servlet.ServletConfig)>/$stack2	<com.ibm.websphere.samples.daytrader.web.prims.beanval.PingServletBeanValSimple1: java.time.LocalDateTime initTime>
<com.ibm.websphere.samples.daytrader.web.prims.beanval.PingServletBeanValSimple1: void <clinit>()>/$numconstant0	<com.ibm.websphere.samples.daytrader.web.prims.beanval.PingServletBeanValSimple1: int hitCount>
<com.ibm.websphere.samples.daytrader.web.prims.PingServlet2JNDI: void doGet(javax.servlet.http.HttpServletRequest,javax.servlet.http.HttpServletResponse)>/$stack15	<com.ibm.websphere.samples.daytrader.web.prims.PingServlet2JNDI: int hitCount>
<com.ibm.websphere.samples.daytrader.web.prims.PingServlet2Jsp: void doGet(javax.servlet.http.HttpServletRequest,javax.servlet.http.HttpServletResponse)>/$stack7	<com.ibm.websphere.samples.daytrader.web.prims.PingServlet2Jsp: int hitCount>
<com.ibm.websphere.samples.daytrader.web.prims.PingServlet2JNDI: void init(javax.servlet.ServletConfig)>/$stack3	<com.ibm.websphere.samples.daytrader.web.prims.PingServlet2JNDI: java.lang.String initTime>
<com.ibm.websphere.samples.daytrader.web.prims.PingServlet2Jsp: void <clinit>()>/$numconstant0	<com.ibm.websphere.samples.daytrader.web.prims.PingServlet2Jsp: int hitCount>
<com.ibm.websphere.samples.daytrader.web.prims.PingServlet2JNDI: void init(javax.servlet.ServletConfig)>/$numconstant0	<com.ibm.websphere.samples.daytrader.web.prims.PingServlet2JNDI: int hitCount>
<com.ibm.websphere.samples.daytrader.web.prims.PingServlet30Async: void doPost(javax.servlet.http.HttpServletRequest,javax.servlet.http.HttpServletResponse)>/$stack20	<com.ibm.websphere.samples.daytrader.web.prims.PingServlet30Async: int hitCount>
<com.ibm.websphere.samples.daytrader.web.prims.PingServlet30Async: void init(javax.servlet.ServletConfig)>/$stack3	<com.ibm.websphere.samples.daytrader.web.prims.PingServlet30Async: java.lang.String initTime>
<com.ibm.websphere.samples.daytrader.web.prims.PingServlet30Async: void init(javax.servlet.ServletConfig)>/$numconstant0	<com.ibm.websphere.samples.daytrader.web.prims.PingServlet30Async: int hitCount>
<com.ibm.websphere.samples.daytrader.web.prims.PingServlet2DB: void doGet(javax.servlet.http.HttpServletRequest,javax.servlet.http.HttpServletResponse)>/$stack18	<com.ibm.websphere.samples.daytrader.web.prims.PingServlet2DB: int hitCount>
<com.ibm.websphere.samples.daytrader.web.prims.PingServlet2DB: void init(javax.servlet.ServletConfig)>/$stack3	<com.ibm.websphere.samples.daytrader.web.prims.PingServlet2DB: java.lang.String initTime>
<com.ibm.websphere.samples.daytrader.web.prims.PingServlet2DB: void init(javax.servlet.ServletConfig)>/$numconstant0	<com.ibm.websphere.samples.daytrader.web.prims.PingServlet2DB: int hitCount>
<com.ibm.websphere.samples.daytrader.web.prims.ejb3.PingServlet2Session: void doGet(javax.servlet.http.HttpServletRequest,javax.servlet.http.HttpServletResponse)>/$stack28	<com.ibm.websphere.samples.daytrader.web.prims.ejb3.PingServlet2Session: int hitCount>
<com.ibm.websphere.samples.daytrader.web.prims.ejb3.PingServlet2Session: void init(javax.servlet.ServletConfig)>/$stack3	<com.ibm.websphere.samples.daytrader.web.prims.ejb3.PingServlet2Session: java.lang.String initTime>
<com.ibm.websphere.samples.daytrader.web.prims.ejb3.PingServlet2Session: void init(javax.servlet.ServletConfig)>/$numconstant0	<com.ibm.websphere.samples.daytrader.web.prims.ejb3.PingServlet2Session: int hitCount>
<com.ibm.websphere.samples.daytrader.web.prims.cdi.PingCDIBean: int hello()>/$stack2	<com.ibm.websphere.samples.daytrader.web.prims.cdi.PingCDIBean: int helloHitCount>
<com.ibm.websphere.samples.daytrader.web.prims.cdi.PingCDIBean: int getBeanMangerViaJNDI()>/$stack9	<com.ibm.websphere.samples.daytrader.web.prims.cdi.PingCDIBean: int getBeanManagerHitCountJNDI>
<com.ibm.websphere.samples.daytrader.web.prims.cdi.PingCDIBean: int getBeanMangerViaCDICurrent()>/$stack9	<com.ibm.websphere.samples.daytrader.web.prims.cdi.PingCDIBean: int getBeanManagerHitCountSPI>
<com.ibm.websphere.samples.daytrader.web.prims.cdi.PingCDIBean: void <clinit>()>/$numconstant0	<com.ibm.websphere.samples.daytrader.web.prims.cdi.PingCDIBean: int helloHitCount>
<com.ibm.websphere.samples.daytrader.web.prims.cdi.PingCDIBean: void <clinit>()>/$numconstant1	<com.ibm.websphere.samples.daytrader.web.prims.cdi.PingCDIBean: int getBeanManagerHitCountJNDI>
<com.ibm.websphere.samples.daytrader.web.prims.cdi.PingCDIBean: void <clinit>()>/$numconstant2	<com.ibm.websphere.samples.daytrader.web.prims.cdi.PingCDIBean: int getBeanManagerHitCountSPI>
<com.ibm.websphere.samples.daytrader.impl.direct.TradeDirect: com.ibm.websphere.samples.daytrader.beans.MarketSummaryDataBean getMarketSummary()>/$stack18	<com.ibm.websphere.samples.daytrader.impl.direct.TradeDirect: com.ibm.websphere.samples.daytrader.beans.MarketSummaryDataBean cachedMSDB>
<com.ibm.websphere.samples.daytrader.impl.direct.TradeDirect: com.ibm.websphere.samples.daytrader.beans.MarketSummaryDataBean getMarketSummary()>/$stack23	<com.ibm.websphere.samples.daytrader.impl.direct.TradeDirect: long nextMarketSummary>
<com.ibm.websphere.samples.daytrader.impl.direct.TradeDirect: com.ibm.websphere.samples.daytrader.beans.MarketSummaryDataBean getMarketSummary()>/$stack29	<com.ibm.websphere.samples.daytrader.impl.direct.TradeDirect: long nextMarketSummary>
<com.ibm.websphere.samples.daytrader.web.prims.ejb3.PingServlet2MDBQueue: void doGet(javax.servlet.http.HttpServletRequest,javax.servlet.http.HttpServletResponse)>/$stack22	<com.ibm.websphere.samples.daytrader.web.prims.ejb3.PingServlet2MDBQueue: int hitCount>
<com.ibm.websphere.samples.daytrader.web.prims.ejb3.PingServlet2MDBQueue: void init(javax.servlet.ServletConfig)>/$stack3	<com.ibm.websphere.samples.daytrader.web.prims.ejb3.PingServlet2MDBQueue: java.lang.String initTime>
<com.ibm.websphere.samples.daytrader.web.prims.ejb3.PingServlet2MDBQueue: void init(javax.servlet.ServletConfig)>/$numconstant0	<com.ibm.websphere.samples.daytrader.web.prims.ejb3.PingServlet2MDBQueue: int hitCount>
<com.ibm.websphere.samples.daytrader.web.prims.PingJSONPObject: void doGet(javax.servlet.http.HttpServletRequest,javax.servlet.http.HttpServletResponse)>/$stack10	<com.ibm.websphere.samples.daytrader.web.prims.PingJSONPObject: int hitCount>
<com.ibm.websphere.samples.daytrader.web.prims.PingJSONPObject: void init(javax.servlet.ServletConfig)>/$stack3	<com.ibm.websphere.samples.daytrader.web.prims.PingJSONPObject: java.lang.String initTime>
<com.ibm.websphere.samples.daytrader.web.prims.PingJSONPObject: void init(javax.servlet.ServletConfig)>/$numconstant0	<com.ibm.websphere.samples.daytrader.web.prims.PingJSONPObject: int hitCount>
<com.ibm.websphere.samples.daytrader.web.prims.cdi.PingServletCDIBeanManagerViaCDICurrent: void init(javax.servlet.ServletConfig)>/$stack3	<com.ibm.websphere.samples.daytrader.web.prims.cdi.PingServletCDIBeanManagerViaCDICurrent: java.lang.String initTime>
<com.ibm.websphere.samples.daytrader.web.prims.cdi.PingServletCDIEvent: void init(javax.servlet.ServletConfig)>/$stack3	<com.ibm.websphere.samples.daytrader.web.prims.cdi.PingServletCDIEvent: java.lang.String initTime>
<com.ibm.websphere.samples.daytrader.web.prims.cdi.PingServletCDIEvent: void init(javax.servlet.ServletConfig)>/$numconstant0	<com.ibm.websphere.samples.daytrader.web.prims.cdi.PingServletCDIEvent: int hitCount>
<com.ibm.websphere.samples.daytrader.web.prims.cdi.PingServletCDIEvent: void onEvent(java.lang.String)>/$stack3	<com.ibm.websphere.samples.daytrader.web.prims.cdi.PingServletCDIEvent: int hitCount>
<com.ibm.websphere.samples.daytrader.util.FinancialUtils: void <clinit>()>/$stack1	<com.ibm.websphere.samples.daytrader.util.FinancialUtils: java.math.BigDecimal ZERO>
<com.ibm.websphere.samples.daytrader.util.FinancialUtils: void <clinit>()>/$stack3	<com.ibm.websphere.samples.daytrader.util.FinancialUtils: java.math.BigDecimal ONE>
<com.ibm.websphere.samples.daytrader.util.FinancialUtils: void <clinit>()>/$stack5	<com.ibm.websphere.samples.daytrader.util.FinancialUtils: java.math.BigDecimal HUNDRED>
<com.ibm.websphere.samples.daytrader.web.prims.PingJSONPStreaming: void doGet(javax.servlet.http.HttpServletRequest,javax.servlet.http.HttpServletResponse)>/$stack12	<com.ibm.websphere.samples.daytrader.web.prims.PingJSONPStreaming: int hitCount>
<com.ibm.websphere.samples.daytrader.web.prims.PingJSONPStreaming: void init(javax.servlet.ServletConfig)>/$stack3	<com.ibm.websphere.samples.daytrader.web.prims.PingJSONPStreaming: java.lang.String initTime>
<com.ibm.websphere.samples.daytrader.web.prims.PingJSONPStreaming: void init(javax.servlet.ServletConfig)>/$numconstant0	<com.ibm.websphere.samples.daytrader.web.prims.PingJSONPStreaming: int hitCount>
<com.ibm.websphere.samples.daytrader.util.Log: void <clinit>()>/$stack0	<com.ibm.websphere.samples.daytrader.util.Log: java.util.logging.Logger log>
<com.ibm.websphere.samples.daytrader.web.prims.ejb3.PingServlet2Session2Entity: void doGet(javax.servlet.http.HttpServletRequest,javax.servlet.http.HttpServletResponse)>/$stack22	<com.ibm.websphere.samples.daytrader.web.prims.ejb3.PingServlet2Session2Entity: int hitCount>
<com.ibm.websphere.samples.daytrader.web.prims.ejb3.PingServlet2Session2Entity: void init(javax.servlet.ServletConfig)>/$stack4	<com.ibm.websphere.samples.daytrader.web.prims.ejb3.PingServlet2Session2Entity: java.lang.String initTime>
<com.ibm.websphere.samples.daytrader.web.prims.ejb3.PingServlet2Session2Entity: void init(javax.servlet.ServletConfig)>/$numconstant0	<com.ibm.websphere.samples.daytrader.web.prims.ejb3.PingServlet2Session2Entity: int hitCount>
<com.ibm.websphere.samples.daytrader.web.prims.PingSession1: void doGet(javax.servlet.http.HttpServletRequest,javax.servlet.http.HttpServletResponse)>/$stack22	<com.ibm.websphere.samples.daytrader.web.prims.PingSession1: int hitCount>
<com.ibm.websphere.samples.daytrader.web.prims.PingSession1: void doGet(javax.servlet.http.HttpServletRequest,javax.servlet.http.HttpServletResponse)>/$stack33	<com.ibm.websphere.samples.daytrader.web.prims.PingSession1: int count>
<com.ibm.websphere.samples.daytrader.web.prims.PingSession1: void init(javax.servlet.ServletConfig)>/$stack3	<com.ibm.websphere.samples.daytrader.web.prims.PingSession1: java.lang.String initTime>
<com.ibm.websphere.samples.daytrader.web.prims.PingSession1: void init(javax.servlet.ServletConfig)>/$numconstant0	<com.ibm.websphere.samples.daytrader.web.prims.PingSession1: int count>
<com.ibm.websphere.samples.daytrader.web.prims.PingSession1: void init(javax.servlet.ServletConfig)>/$numconstant1	<com.ibm.websphere.samples.daytrader.web.prims.PingSession1: int hitCount>
<com.ibm.websphere.samples.daytrader.impl.direct.TradeDirect: void releaseConn(java.sql.Connection)>/$stack7	<com.ibm.websphere.samples.daytrader.impl.direct.TradeDirect: int connCount>
<com.ibm.websphere.samples.daytrader.impl.direct.TradeDirect: java.sql.Connection getConn()>/$stack10	<com.ibm.websphere.samples.daytrader.impl.direct.TradeDirect: int connCount>
<com.ibm.websphere.samples.daytrader.impl.direct.KeySequenceDirect: void <clinit>()>/$stack0	<com.ibm.websphere.samples.daytrader.impl.direct.KeySequenceDirect: java.util.HashMap keyMap>
<com.ibm.websphere.samples.daytrader.impl.direct.TradeDirect: void <clinit>()>/$stack0	<com.ibm.websphere.samples.daytrader.impl.direct.TradeDirect: java.lang.Integer marketSummaryLock>
<com.ibm.websphere.samples.daytrader.impl.direct.TradeDirect: void <clinit>()>/$stack1	<com.ibm.websphere.samples.daytrader.impl.direct.TradeDirect: long nextMarketSummary>
<com.ibm.websphere.samples.daytrader.impl.direct.TradeDirect: void <clinit>()>/$stack2	<com.ibm.websphere.samples.daytrader.impl.direct.TradeDirect: com.ibm.websphere.samples.daytrader.beans.MarketSummaryDataBean cachedMSDB>
<com.ibm.websphere.samples.daytrader.impl.direct.TradeDirect: void <clinit>()>/$stack3	<com.ibm.websphere.samples.daytrader.impl.direct.TradeDirect: java.math.BigDecimal ZERO>
<com.ibm.websphere.samples.daytrader.impl.direct.TradeDirect: void <clinit>()>/$stack4	<com.ibm.websphere.samples.daytrader.impl.direct.TradeDirect: java.lang.Integer lock>
<com.ibm.websphere.samples.daytrader.impl.direct.TradeDirect: void <clinit>()>/$numconstant2	<com.ibm.websphere.samples.daytrader.impl.direct.TradeDirect: int connCount>
<com.ibm.websphere.samples.daytrader.web.prims.ExplicitGC: void doGet(javax.servlet.http.HttpServletRequest,javax.servlet.http.HttpServletResponse)>/$stack20	<com.ibm.websphere.samples.daytrader.web.prims.ExplicitGC: int hitCount>
<com.ibm.websphere.samples.daytrader.web.prims.ExplicitGC: void init(javax.servlet.ServletConfig)>/$stack3	<com.ibm.websphere.samples.daytrader.web.prims.ExplicitGC: java.lang.String initTime>
<com.ibm.websphere.samples.daytrader.web.prims.ExplicitGC: void init(javax.servlet.ServletConfig)>/$numconstant0	<com.ibm.websphere.samples.daytrader.web.prims.ExplicitGC: int hitCount>
<com.ibm.websphere.samples.daytrader.web.prims.beanval.SimpleBean1: void <init>()>/$stack12	<com.ibm.websphere.samples.daytrader.web.prims.beanval.SimpleBean1: javax.validation.ValidatorFactory validatorFactory>
<com.ibm.websphere.samples.daytrader.web.prims.beanval.SimpleBean1: void <clinit>()>/$stack1	<com.ibm.websphere.samples.daytrader.web.prims.beanval.SimpleBean1: java.lang.String thisClass>
<com.ibm.websphere.samples.daytrader.web.prims.beanval.SimpleBean1: void <clinit>()>/$stack3	<com.ibm.websphere.samples.daytrader.web.prims.beanval.SimpleBean1: java.util.logging.Logger traceLogger>
<com.ibm.websphere.samples.daytrader.web.prims.beanval.SimpleBean1: void <clinit>()>/$null0	<com.ibm.websphere.samples.daytrader.web.prims.beanval.SimpleBean1: javax.validation.ValidatorFactory validatorFactory>
<com.ibm.websphere.samples.daytrader.web.prims.ejb3.PingServlet2TwoPhase: void doGet(javax.servlet.http.HttpServletRequest,javax.servlet.http.HttpServletResponse)>/$stack22	<com.ibm.websphere.samples.daytrader.web.prims.ejb3.PingServlet2TwoPhase: int hitCount>
<com.ibm.websphere.samples.daytrader.web.prims.ejb3.PingServlet2TwoPhase: void init(javax.servlet.ServletConfig)>/$stack3	<com.ibm.websphere.samples.daytrader.web.prims.ejb3.PingServlet2TwoPhase: java.lang.String initTime>
<com.ibm.websphere.samples.daytrader.web.prims.ejb3.PingServlet2TwoPhase: void init(javax.servlet.ServletConfig)>/$numconstant0	<com.ibm.websphere.samples.daytrader.web.prims.ejb3.PingServlet2TwoPhase: int hitCount>
<com.ibm.websphere.samples.daytrader.web.prims.cdi.PingServletCDIEventAsync: void init(javax.servlet.ServletConfig)>/$stack3	<com.ibm.websphere.samples.daytrader.web.prims.cdi.PingServletCDIEventAsync: java.lang.String initTime>
<com.ibm.websphere.samples.daytrader.web.prims.cdi.PingServletCDIEventAsync: void init(javax.servlet.ServletConfig)>/$numconstant0	<com.ibm.websphere.samples.daytrader.web.prims.cdi.PingServletCDIEventAsync: int hitCount1>
<com.ibm.websphere.samples.daytrader.web.prims.cdi.PingServletCDIEventAsync: void init(javax.servlet.ServletConfig)>/$numconstant1	<com.ibm.websphere.samples.daytrader.web.prims.cdi.PingServletCDIEventAsync: int hitCount2>
<com.ibm.websphere.samples.daytrader.web.prims.cdi.PingServletCDIEventAsync: void onAsyncEvent1(java.lang.String)>/$stack3	<com.ibm.websphere.samples.daytrader.web.prims.cdi.PingServletCDIEventAsync: int hitCount1>
<com.ibm.websphere.samples.daytrader.web.prims.cdi.PingServletCDIEventAsync: void onAsyncEvent2(java.lang.String)>/$stack5	<com.ibm.websphere.samples.daytrader.web.prims.cdi.PingServletCDIEventAsync: int hitCount2>
