java.lang.Object::MockObject	java.lang.Object
java.lang.String::MockObject	java.lang.String
com.ibm.websphere.samples.daytrader.web.jsf.TradeAppJSF::MockObject	com.ibm.websphere.samples.daytrader.web.jsf.TradeAppJSF
com.ibm.websphere.samples.daytrader.web.prims.PingManagedExecutor::MockObject	com.ibm.websphere.samples.daytrader.web.prims.PingManagedExecutor
com.ibm.websphere.samples.daytrader.web.prims.beanval.PingServletBeanValSimple2::MockObject	com.ibm.websphere.samples.daytrader.web.prims.beanval.PingServletBeanValSimple2
com.ibm.websphere.samples.daytrader.entities.OrderDataBean::MockObject	com.ibm.websphere.samples.daytrader.entities.OrderDataBean
com.ibm.websphere.samples.daytrader.entities.AccountDataBean::MockObject	com.ibm.websphere.samples.daytrader.entities.AccountDataBean
com.ibm.websphere.samples.daytrader.entities.QuoteDataBean::MockObject	com.ibm.websphere.samples.daytrader.entities.QuoteDataBean
com.ibm.websphere.samples.daytrader.entities.HoldingDataBean::MockObject	com.ibm.websphere.samples.daytrader.entities.HoldingDataBean
com.ibm.websphere.samples.daytrader.web.websocket.JsonMessage::MockObject	com.ibm.websphere.samples.daytrader.web.websocket.JsonMessage
com.ibm.websphere.samples.daytrader.web.prims.PingJSONPObject::MockObject	com.ibm.websphere.samples.daytrader.web.prims.PingJSONPObject
com.ibm.websphere.samples.daytrader.web.prims.PingServlet31Async::MockObject	com.ibm.websphere.samples.daytrader.web.prims.PingServlet31Async
com.ibm.websphere.samples.daytrader.web.prims.cdi.PingServletCDI::MockObject	com.ibm.websphere.samples.daytrader.web.prims.cdi.PingServletCDI
com.ibm.websphere.samples.daytrader.web.prims.cdi.PingCDIBean::MockObject	com.ibm.websphere.samples.daytrader.web.prims.cdi.PingCDIBean
com.ibm.websphere.samples.daytrader.web.prims.PingUpgradeServlet$Listener::MockObject	com.ibm.websphere.samples.daytrader.web.prims.PingUpgradeServlet$Listener
com.ibm.websphere.samples.daytrader.web.jsf.JSFLoginFilter::MockObject	com.ibm.websphere.samples.daytrader.web.jsf.JSFLoginFilter
com.ibm.websphere.samples.daytrader.web.prims.cdi.PingServletCDIBeanManagerViaCDICurrent::MockObject	com.ibm.websphere.samples.daytrader.web.prims.cdi.PingServletCDIBeanManagerViaCDICurrent
com.ibm.websphere.samples.daytrader.web.prims.PingUpgradeServlet::MockObject	com.ibm.websphere.samples.daytrader.web.prims.PingUpgradeServlet
com.ibm.websphere.samples.daytrader.web.servlet.TestServlet::MockObject	com.ibm.websphere.samples.daytrader.web.servlet.TestServlet
com.ibm.websphere.samples.daytrader.web.prims.PingServletLargeContentLength::MockObject	com.ibm.websphere.samples.daytrader.web.prims.PingServletLargeContentLength
com.ibm.websphere.samples.daytrader.web.servlet.TradeConfigServlet::MockObject	com.ibm.websphere.samples.daytrader.web.servlet.TradeConfigServlet
com.ibm.websphere.samples.daytrader.web.prims.PingServlet2PDF::MockObject	com.ibm.websphere.samples.daytrader.web.prims.PingServlet2PDF
com.ibm.websphere.samples.daytrader.web.prims.ejb3.PingServlet2MDBQueue::MockObject	com.ibm.websphere.samples.daytrader.web.prims.ejb3.PingServlet2MDBQueue
com.ibm.websphere.samples.daytrader.web.prims.PingBean::MockObject	com.ibm.websphere.samples.daytrader.web.prims.PingBean
com.ibm.websphere.samples.daytrader.impl.ejb3.AsyncScheduledOrder::MockObject	com.ibm.websphere.samples.daytrader.impl.ejb3.AsyncScheduledOrder
com.ibm.websphere.samples.daytrader.web.prims.PingJSONPObjectFactory::MockObject	com.ibm.websphere.samples.daytrader.web.prims.PingJSONPObjectFactory
com.ibm.websphere.samples.daytrader.web.prims.PingServlet2DB::MockObject	com.ibm.websphere.samples.daytrader.web.prims.PingServlet2DB
com.ibm.websphere.samples.daytrader.web.prims.PingSession3::MockObject	com.ibm.websphere.samples.daytrader.web.prims.PingSession3
com.ibm.websphere.samples.daytrader.web.servlet.TradeAppServlet::MockObject	com.ibm.websphere.samples.daytrader.web.servlet.TradeAppServlet
com.ibm.websphere.samples.daytrader.web.servlet.TradeServletAction::MockObject	com.ibm.websphere.samples.daytrader.web.servlet.TradeServletAction
com.ibm.websphere.samples.daytrader.web.prims.beanval.PingServletBeanValCDI::MockObject	com.ibm.websphere.samples.daytrader.web.prims.beanval.PingServletBeanValCDI
com.ibm.websphere.samples.daytrader.web.prims.beanval.CDIMethodConstraintBean::MockObject	com.ibm.websphere.samples.daytrader.web.prims.beanval.CDIMethodConstraintBean
com.ibm.websphere.samples.daytrader.web.servlet.TradeScenarioServlet::MockObject	com.ibm.websphere.samples.daytrader.web.servlet.TradeScenarioServlet
com.ibm.websphere.samples.daytrader.web.jsf.QuoteJSF::MockObject	com.ibm.websphere.samples.daytrader.web.jsf.QuoteJSF
com.ibm.websphere.samples.daytrader.web.prims.ExplicitGC::MockObject	com.ibm.websphere.samples.daytrader.web.prims.ExplicitGC
com.ibm.websphere.samples.daytrader.beans.MarketSummaryDataBean::MockObject	com.ibm.websphere.samples.daytrader.beans.MarketSummaryDataBean
com.ibm.websphere.samples.daytrader.web.prims.http2.PingServletSimple::MockObject	com.ibm.websphere.samples.daytrader.web.prims.http2.PingServletSimple
com.ibm.websphere.samples.daytrader.jaxrs.BroadcastResource::MockObject	com.ibm.websphere.samples.daytrader.jaxrs.BroadcastResource
com.ibm.websphere.samples.daytrader.beans.RunStatsDataBean::MockObject	com.ibm.websphere.samples.daytrader.beans.RunStatsDataBean
com.ibm.websphere.samples.daytrader.web.prims.PingServletWriter::MockObject	com.ibm.websphere.samples.daytrader.web.prims.PingServletWriter
com.ibm.websphere.samples.daytrader.entities.AccountProfileDataBean::MockObject	com.ibm.websphere.samples.daytrader.entities.AccountProfileDataBean
com.ibm.websphere.samples.daytrader.web.prims.PingServlet31AsyncRead::MockObject	com.ibm.websphere.samples.daytrader.web.prims.PingServlet31AsyncRead
com.ibm.websphere.samples.daytrader.web.prims.jaxrs.XMLObject::MockObject	com.ibm.websphere.samples.daytrader.web.prims.jaxrs.XMLObject
com.ibm.websphere.samples.daytrader.web.prims.PingServlet::MockObject	com.ibm.websphere.samples.daytrader.web.prims.PingServlet
com.ibm.websphere.samples.daytrader.web.jsf.AccountDataJSF::MockObject	com.ibm.websphere.samples.daytrader.web.jsf.AccountDataJSF
com.ibm.websphere.samples.daytrader.web.prims.beanval.PingServletBeanValSimple1::MockObject	com.ibm.websphere.samples.daytrader.web.prims.beanval.PingServletBeanValSimple1
com.ibm.websphere.samples.daytrader.web.prims.PingServlet30Async::MockObject	com.ibm.websphere.samples.daytrader.web.prims.PingServlet30Async
com.ibm.websphere.samples.daytrader.mdb.DTBroker3MDB::MockObject	com.ibm.websphere.samples.daytrader.mdb.DTBroker3MDB
com.ibm.websphere.samples.daytrader.impl.ejb3.TradeSLSBBean::MockObject	com.ibm.websphere.samples.daytrader.impl.ejb3.TradeSLSBBean
com.ibm.websphere.samples.daytrader.web.prims.cdi.PingServletCDIEvent::MockObject	com.ibm.websphere.samples.daytrader.web.prims.cdi.PingServletCDIEvent
com.ibm.websphere.samples.daytrader.web.websocket.MarketSummaryWebSocket::MockObject	com.ibm.websphere.samples.daytrader.web.websocket.MarketSummaryWebSocket
com.ibm.websphere.samples.daytrader.web.prims.ejb3.PingServlet2Session2CMROne2Many::MockObject	com.ibm.websphere.samples.daytrader.web.prims.ejb3.PingServlet2Session2CMROne2Many
com.ibm.websphere.samples.daytrader.web.prims.PingServlet2Include::MockObject	com.ibm.websphere.samples.daytrader.web.prims.PingServlet2Include
com.ibm.websphere.samples.daytrader.web.prims.ejb3.PingServlet2Session2Entity::MockObject	com.ibm.websphere.samples.daytrader.web.prims.ejb3.PingServlet2Session2Entity
com.ibm.websphere.samples.daytrader.web.prims.ejb3.PingServlet2TwoPhase::MockObject	com.ibm.websphere.samples.daytrader.web.prims.ejb3.PingServlet2TwoPhase
com.ibm.websphere.samples.daytrader.web.prims.PingReentryServlet::MockObject	com.ibm.websphere.samples.daytrader.web.prims.PingReentryServlet
com.ibm.websphere.samples.daytrader.web.prims.PingServlet2ServletRcv::MockObject	com.ibm.websphere.samples.daytrader.web.prims.PingServlet2ServletRcv
com.ibm.websphere.samples.daytrader.web.prims.PingServlet2IncludeRcv::MockObject	com.ibm.websphere.samples.daytrader.web.prims.PingServlet2IncludeRcv
com.ibm.websphere.samples.daytrader.impl.session2direct.DirectSLSBBean::MockObject	com.ibm.websphere.samples.daytrader.impl.session2direct.DirectSLSBBean
com.ibm.websphere.samples.daytrader.web.prims.cdi.PingCDIJSFBean::MockObject	com.ibm.websphere.samples.daytrader.web.prims.cdi.PingCDIJSFBean
com.ibm.websphere.samples.daytrader.web.jsf.MarketSummaryJSF::MockObject	com.ibm.websphere.samples.daytrader.web.jsf.MarketSummaryJSF
com.ibm.websphere.samples.daytrader.web.prims.ejb3.PingServlet2Session2Entity2JSP::MockObject	com.ibm.websphere.samples.daytrader.web.prims.ejb3.PingServlet2Session2Entity2JSP
com.ibm.websphere.samples.daytrader.web.prims.PingJDBCWrite::MockObject	com.ibm.websphere.samples.daytrader.web.prims.PingJDBCWrite
com.ibm.websphere.samples.daytrader.web.jsf.PortfolioJSF::MockObject	com.ibm.websphere.samples.daytrader.web.jsf.PortfolioJSF
com.ibm.websphere.samples.daytrader.web.prims.ejb3.PingServlet2Session::MockObject	com.ibm.websphere.samples.daytrader.web.prims.ejb3.PingServlet2Session
com.ibm.websphere.samples.daytrader.web.prims.PingManagedThread::MockObject	com.ibm.websphere.samples.daytrader.web.prims.PingManagedThread
com.ibm.websphere.samples.daytrader.web.prims.http2.PingServletPush::MockObject	com.ibm.websphere.samples.daytrader.web.prims.http2.PingServletPush
com.ibm.websphere.samples.daytrader.web.prims.ejb3.PingServlet2Entity::MockObject	com.ibm.websphere.samples.daytrader.web.prims.ejb3.PingServlet2Entity
com.ibm.websphere.samples.daytrader.web.prims.PingJDBCRead2JSP::MockObject	com.ibm.websphere.samples.daytrader.web.prims.PingJDBCRead2JSP
com.ibm.websphere.samples.daytrader.web.prims.ejb3.PingServlet2MDBTopic::MockObject	com.ibm.websphere.samples.daytrader.web.prims.ejb3.PingServlet2MDBTopic
com.ibm.websphere.samples.daytrader.web.prims.PingServlet2JNDI::MockObject	com.ibm.websphere.samples.daytrader.web.prims.PingServlet2JNDI
com.ibm.websphere.samples.daytrader.jaxrs.QuoteResource::MockObject	com.ibm.websphere.samples.daytrader.jaxrs.QuoteResource
com.ibm.websphere.samples.daytrader.web.prims.ejb3.PingServlet2Session2EntityCollection::MockObject	com.ibm.websphere.samples.daytrader.web.prims.ejb3.PingServlet2Session2EntityCollection
com.ibm.websphere.samples.daytrader.web.prims.PingServletSetContentLength::MockObject	com.ibm.websphere.samples.daytrader.web.prims.PingServletSetContentLength
com.ibm.websphere.samples.daytrader.web.websocket.QuotePriceChangeListEncoder::MockObject	com.ibm.websphere.samples.daytrader.web.websocket.QuotePriceChangeListEncoder
com.ibm.websphere.samples.daytrader.web.servlet.OrdersAlertFilter::MockObject	com.ibm.websphere.samples.daytrader.web.servlet.OrdersAlertFilter
com.ibm.websphere.samples.daytrader.web.prims.PingJSONPStreaming::MockObject	com.ibm.websphere.samples.daytrader.web.prims.PingJSONPStreaming
com.ibm.websphere.samples.daytrader.web.prims.PingSession2::MockObject	com.ibm.websphere.samples.daytrader.web.prims.PingSession2
com.ibm.websphere.samples.daytrader.web.prims.cdi.PingServletCDIBeanManagerViaJNDI::MockObject	com.ibm.websphere.samples.daytrader.web.prims.cdi.PingServletCDIBeanManagerViaJNDI
com.ibm.websphere.samples.daytrader.web.prims.PingSession1::MockObject	com.ibm.websphere.samples.daytrader.web.prims.PingSession1
com.ibm.websphere.samples.daytrader.web.prims.PingServlet2Servlet::MockObject	com.ibm.websphere.samples.daytrader.web.prims.PingServlet2Servlet
com.ibm.websphere.samples.daytrader.web.prims.jaxrs.TestJSONObject::MockObject	com.ibm.websphere.samples.daytrader.web.prims.jaxrs.TestJSONObject
com.ibm.websphere.samples.daytrader.web.prims.PingServlet2Jsp::MockObject	com.ibm.websphere.samples.daytrader.web.prims.PingServlet2Jsp
com.ibm.websphere.samples.daytrader.web.prims.PingJDBCRead::MockObject	com.ibm.websphere.samples.daytrader.web.prims.PingJDBCRead
com.ibm.websphere.samples.daytrader.web.prims.cdi.PingServletCDIEventAsync::MockObject	com.ibm.websphere.samples.daytrader.web.prims.cdi.PingServletCDIEventAsync
com.ibm.websphere.samples.daytrader.web.prims.ejb3.PingServlet2Session2CMROne2One::MockObject	com.ibm.websphere.samples.daytrader.web.prims.ejb3.PingServlet2Session2CMROne2One
com.ibm.websphere.samples.daytrader.web.jsf.OrderDataJSF::MockObject	com.ibm.websphere.samples.daytrader.web.jsf.OrderDataJSF
com.ibm.websphere.samples.daytrader.web.websocket.JsonEncoder::MockObject	com.ibm.websphere.samples.daytrader.web.websocket.JsonEncoder
com.ibm.websphere.samples.daytrader.web.websocket.ActionDecoder::MockObject	com.ibm.websphere.samples.daytrader.web.websocket.ActionDecoder
com.ibm.websphere.samples.daytrader.web.prims.PingUpgradeServlet$1::MockObject	com.ibm.websphere.samples.daytrader.web.prims.PingUpgradeServlet$1
com.ibm.websphere.samples.daytrader.web.websocket.JsonDecoder::MockObject	com.ibm.websphere.samples.daytrader.web.websocket.JsonDecoder
com.ibm.websphere.samples.daytrader.web.servlet.TradeWebContextListener::MockObject	com.ibm.websphere.samples.daytrader.web.servlet.TradeWebContextListener
com.ibm.websphere.samples.daytrader.web.prims.PingUpgradeServlet$Handler::MockObject	com.ibm.websphere.samples.daytrader.web.prims.PingUpgradeServlet$Handler
com.ibm.websphere.samples.daytrader.web.prims.jaxrs.JAXRSSyncService::MockObject	com.ibm.websphere.samples.daytrader.web.prims.jaxrs.JAXRSSyncService
