<java.lang.Thread: void <init>(java.lang.ThreadGroup,java.lang.String)>
<java.lang.ThreadGroup: void <init>()>
<java.lang.ThreadGroup: void <init>(java.lang.ThreadGroup,java.lang.String)>
<java.lang.Thread: java.lang.Thread currentThread()>
<com.ibm.websphere.samples.daytrader.util.TradeConfig: java.lang.String getPage(int)>
<com.ibm.websphere.samples.daytrader.web.jsf.TradeAppJSF: void <init>(javax.enterprise.inject.Instance)>
<com.ibm.websphere.samples.daytrader.util.TradeConfig: char getScenarioAction(boolean)>
<com.ibm.websphere.samples.daytrader.util.TradeConfig: java.math.BigDecimal getOrderFee(java.lang.String)>
<com.ibm.websphere.samples.daytrader.util.TradeConfig: java.lang.String rndEmail(java.lang.String)>
<com.ibm.websphere.samples.daytrader.util.TradeConfig: int rndInt(int)>
<com.ibm.websphere.samples.daytrader.util.TradeConfig: float rndFloat(int)>
<com.ibm.websphere.samples.daytrader.util.TradeConfig: java.math.BigDecimal rndBigDecimal(float)>
<com.ibm.websphere.samples.daytrader.util.TradeConfig: void setConfigParam(java.lang.String,java.lang.String)>
<com.ibm.websphere.samples.daytrader.web.prims.PingManagedExecutor$1: void <init>(com.ibm.websphere.samples.daytrader.web.prims.PingManagedExecutor,javax.servlet.ServletOutputStream,javax.servlet.AsyncContext)>
<com.ibm.websphere.samples.daytrader.web.prims.beanval.PingServletBeanValSimple2: void doPost(javax.servlet.http.HttpServletRequest,javax.servlet.http.HttpServletResponse)>
<com.ibm.websphere.samples.daytrader.web.prims.beanval.PingServletBeanValSimple2: void doGet(javax.servlet.http.HttpServletRequest,javax.servlet.http.HttpServletResponse)>
<com.ibm.websphere.samples.daytrader.web.prims.beanval.PingServletBeanValSimple2: void init(javax.servlet.ServletConfig)>
<com.ibm.websphere.samples.daytrader.entities.OrderDataBean: void <init>(java.lang.Integer,java.lang.String,java.lang.String,java.util.Date,java.util.Date,double,java.math.BigDecimal,java.math.BigDecimal,java.lang.String)>
<com.ibm.websphere.samples.daytrader.util.TradeConfig: void setMAX_USERS(int)>
<com.ibm.websphere.samples.daytrader.util.TradeConfig: void setMAX_QUOTES(int)>
<com.ibm.websphere.samples.daytrader.entities.OrderDataBean: void <init>(java.lang.String,java.lang.String,java.util.Date,java.util.Date,double,java.math.BigDecimal,java.math.BigDecimal,com.ibm.websphere.samples.daytrader.entities.AccountDataBean,com.ibm.websphere.samples.daytrader.entities.QuoteDataBean,com.ibm.websphere.samples.daytrader.entities.HoldingDataBean)>
<com.ibm.websphere.samples.daytrader.util.TradeConfig: void setPrimIterations(int)>
<com.ibm.websphere.samples.daytrader.util.TradeConfig: void setLongRun(boolean)>
<com.ibm.websphere.samples.daytrader.util.TradeConfig: void setPublishQuotePriceChange(boolean)>
<com.ibm.websphere.samples.daytrader.util.TradeConfig: void setMarketSummaryInterval(int)>
<com.ibm.websphere.samples.daytrader.util.TradeConfig: void setRunTimeMode(int)>
<com.ibm.websphere.samples.daytrader.util.TradeConfig: void setOrderProcessingMode(int)>
<com.ibm.websphere.samples.daytrader.util.TradeConfig: void setWebInterface(int)>
<com.ibm.websphere.samples.daytrader.util.TradeConfig: void setDisplayOrderAlerts(boolean)>
<com.ibm.websphere.samples.daytrader.util.TradeConfig: void setListQuotePriceChangeFrequency(int)>
<com.ibm.websphere.samples.daytrader.entities.OrderDataBean: void setOrderID(java.lang.Integer)>
<com.ibm.websphere.samples.daytrader.entities.OrderDataBean: void setOrderType(java.lang.String)>
<com.ibm.websphere.samples.daytrader.entities.OrderDataBean: void setOrderStatus(java.lang.String)>
<com.ibm.websphere.samples.daytrader.entities.OrderDataBean: void setOpenDate(java.util.Date)>
<com.ibm.websphere.samples.daytrader.entities.OrderDataBean: void setCompletionDate(java.util.Date)>
<com.ibm.websphere.samples.daytrader.entities.OrderDataBean: void setQuantity(double)>
<com.ibm.websphere.samples.daytrader.entities.OrderDataBean: void setPrice(java.math.BigDecimal)>
<com.ibm.websphere.samples.daytrader.entities.OrderDataBean: void setOrderFee(java.math.BigDecimal)>
<com.ibm.websphere.samples.daytrader.entities.OrderDataBean: void setSymbol(java.lang.String)>
<com.ibm.websphere.samples.daytrader.entities.OrderDataBean: void setAccount(com.ibm.websphere.samples.daytrader.entities.AccountDataBean)>
<com.ibm.websphere.samples.daytrader.entities.HoldingDataBean: void <init>(java.lang.Integer,double,java.math.BigDecimal,java.util.Date,java.lang.String)>
<com.ibm.websphere.samples.daytrader.entities.OrderDataBean: void setQuote(com.ibm.websphere.samples.daytrader.entities.QuoteDataBean)>
<com.ibm.websphere.samples.daytrader.entities.HoldingDataBean: void <init>(double,java.math.BigDecimal,java.util.Date,com.ibm.websphere.samples.daytrader.entities.AccountDataBean,com.ibm.websphere.samples.daytrader.entities.QuoteDataBean)>
<com.ibm.websphere.samples.daytrader.entities.OrderDataBean: void setHolding(com.ibm.websphere.samples.daytrader.entities.HoldingDataBean)>
<com.ibm.websphere.samples.daytrader.entities.OrderDataBean: boolean equals(java.lang.Object)>
<com.ibm.websphere.samples.daytrader.entities.HoldingDataBean: void setHoldingID(java.lang.Integer)>
<com.ibm.websphere.samples.daytrader.entities.HoldingDataBean: void setQuantity(double)>
<com.ibm.websphere.samples.daytrader.entities.HoldingDataBean: void setPurchasePrice(java.math.BigDecimal)>
<com.ibm.websphere.samples.daytrader.web.websocket.JsonMessage: void setKey(java.lang.String)>
<com.ibm.websphere.samples.daytrader.entities.HoldingDataBean: void setPurchaseDate(java.util.Date)>
<com.ibm.websphere.samples.daytrader.web.websocket.JsonMessage: void setValue(java.lang.String)>
<com.ibm.websphere.samples.daytrader.entities.HoldingDataBean: void setQuoteID(java.lang.String)>
<com.ibm.websphere.samples.daytrader.web.prims.PingJSONPObject: void doPost(javax.servlet.http.HttpServletRequest,javax.servlet.http.HttpServletResponse)>
<com.ibm.websphere.samples.daytrader.entities.HoldingDataBean: void setAccount(com.ibm.websphere.samples.daytrader.entities.AccountDataBean)>
<com.ibm.websphere.samples.daytrader.web.prims.PingJSONPObject: void doGet(javax.servlet.http.HttpServletRequest,javax.servlet.http.HttpServletResponse)>
<com.ibm.websphere.samples.daytrader.entities.HoldingDataBean: void setQuote(com.ibm.websphere.samples.daytrader.entities.QuoteDataBean)>
<com.ibm.websphere.samples.daytrader.entities.HoldingDataBean: boolean equals(java.lang.Object)>
<com.ibm.websphere.samples.daytrader.web.prims.PingJSONPObject: void init(javax.servlet.ServletConfig)>
<com.ibm.websphere.samples.daytrader.web.prims.PingUpgradeServlet$Handler: void init(javax.servlet.http.WebConnection)>
<com.ibm.websphere.samples.daytrader.web.prims.PingServlet31Async: void doPost(javax.servlet.http.HttpServletRequest,javax.servlet.http.HttpServletResponse)>
<com.ibm.websphere.samples.daytrader.web.prims.PingServlet31Async: void doGet(javax.servlet.http.HttpServletRequest,javax.servlet.http.HttpServletResponse)>
<com.ibm.websphere.samples.daytrader.web.prims.PingServlet31Async: void init(javax.servlet.ServletConfig)>
<com.ibm.websphere.samples.daytrader.web.prims.cdi.PingServletCDI: void doGet(javax.servlet.http.HttpServletRequest,javax.servlet.http.HttpServletResponse)>
<com.ibm.websphere.samples.daytrader.web.prims.PingUpgradeServlet$Listener: void <init>(javax.servlet.http.WebConnection)>
<com.ibm.websphere.samples.daytrader.web.prims.cdi.PingServletCDI: void init(javax.servlet.ServletConfig)>
<com.ibm.websphere.samples.daytrader.web.jsf.JSFLoginFilter: void init(javax.servlet.FilterConfig)>
<com.ibm.websphere.samples.daytrader.web.jsf.JSFLoginFilter: void doFilter(javax.servlet.ServletRequest,javax.servlet.ServletResponse,javax.servlet.FilterChain)>
<com.ibm.websphere.samples.daytrader.web.prims.PingUpgradeServlet$Listener: void onError(java.lang.Throwable)>
<com.ibm.websphere.samples.daytrader.web.prims.PingUpgradeServlet$Listener: void <init>(javax.servlet.http.WebConnection,com.ibm.websphere.samples.daytrader.web.prims.PingUpgradeServlet$1)>
<com.ibm.websphere.samples.daytrader.web.prims.PingManagedExecutor: void doPost(javax.servlet.http.HttpServletRequest,javax.servlet.http.HttpServletResponse)>
<com.ibm.websphere.samples.daytrader.web.prims.PingManagedExecutor: void doGet(javax.servlet.http.HttpServletRequest,javax.servlet.http.HttpServletResponse)>
<com.ibm.websphere.samples.daytrader.web.prims.cdi.PingServletCDIBeanManagerViaCDICurrent: void doGet(javax.servlet.http.HttpServletRequest,javax.servlet.http.HttpServletResponse)>
<com.ibm.websphere.samples.daytrader.web.prims.PingManagedExecutor: void init(javax.servlet.ServletConfig)>
<com.ibm.websphere.samples.daytrader.web.prims.cdi.PingServletCDIBeanManagerViaCDICurrent: void init(javax.servlet.ServletConfig)>
<com.ibm.websphere.samples.daytrader.web.prims.PingUpgradeServlet: void doGet(javax.servlet.http.HttpServletRequest,javax.servlet.http.HttpServletResponse)>
<com.ibm.websphere.samples.daytrader.web.prims.PingUpgradeServlet: void doPost(javax.servlet.http.HttpServletRequest,javax.servlet.http.HttpServletResponse)>
<com.ibm.websphere.samples.daytrader.util.Log: void log(java.lang.String)>
<com.ibm.websphere.samples.daytrader.util.Log: void log(java.lang.String,java.lang.String,java.lang.String)>
<com.ibm.websphere.samples.daytrader.util.Log: void error(java.lang.String)>
<com.ibm.websphere.samples.daytrader.util.Log: void error(java.lang.String,java.lang.Throwable)>
<com.ibm.websphere.samples.daytrader.web.servlet.TestServlet: void <init>(javax.enterprise.inject.Instance)>
<com.ibm.websphere.samples.daytrader.util.Log: void error(java.lang.String,java.lang.String,java.lang.Throwable)>
<com.ibm.websphere.samples.daytrader.web.servlet.TestServlet: void init(javax.servlet.ServletConfig)>
<com.ibm.websphere.samples.daytrader.web.servlet.TestServlet: void doGet(javax.servlet.http.HttpServletRequest,javax.servlet.http.HttpServletResponse)>
<com.ibm.websphere.samples.daytrader.web.servlet.TestServlet: void doPost(javax.servlet.http.HttpServletRequest,javax.servlet.http.HttpServletResponse)>
<com.ibm.websphere.samples.daytrader.web.servlet.TestServlet: void performTask(javax.servlet.http.HttpServletRequest,javax.servlet.http.HttpServletResponse)>
<com.ibm.websphere.samples.daytrader.util.Log: void error(java.lang.Throwable,java.lang.String)>
<com.ibm.websphere.samples.daytrader.util.Log: void error(java.lang.Throwable,java.lang.String,java.lang.String)>
<com.ibm.websphere.samples.daytrader.util.Log: void error(java.lang.Throwable,java.lang.String,java.lang.String,java.lang.String)>
<com.ibm.websphere.samples.daytrader.util.Log: void trace(java.lang.String)>
<com.ibm.websphere.samples.daytrader.web.prims.PingServletLargeContentLength: void doPost(javax.servlet.http.HttpServletRequest,javax.servlet.http.HttpServletResponse)>
<com.ibm.websphere.samples.daytrader.web.prims.PingServletLargeContentLength: void doGet(javax.servlet.http.HttpServletRequest,javax.servlet.http.HttpServletResponse)>
<com.ibm.websphere.samples.daytrader.web.prims.PingServletLargeContentLength: void init(javax.servlet.ServletConfig)>
<com.ibm.websphere.samples.daytrader.util.Log: void trace(java.lang.String,java.lang.Object,java.lang.Object)>
<com.ibm.websphere.samples.daytrader.web.servlet.TradeConfigServlet: void init(javax.servlet.ServletConfig)>
<com.ibm.websphere.samples.daytrader.web.servlet.TradeConfigServlet: void doConfigDisplay(javax.servlet.http.HttpServletRequest,javax.servlet.http.HttpServletResponse,java.lang.String)>
<com.ibm.websphere.samples.daytrader.web.servlet.TradeConfigServlet: void doResetTrade(javax.servlet.http.HttpServletRequest,javax.servlet.http.HttpServletResponse,java.lang.String)>
<com.ibm.websphere.samples.daytrader.web.servlet.TradeConfigServlet: void doConfigUpdate(javax.servlet.http.HttpServletRequest,javax.servlet.http.HttpServletResponse)>
<com.ibm.websphere.samples.daytrader.util.Log: void debug(java.lang.String)>
<com.ibm.websphere.samples.daytrader.util.Log: void printCollection(java.util.Collection)>
<com.ibm.websphere.samples.daytrader.util.Log: void printCollection(java.lang.String,java.util.Collection)>
<com.ibm.websphere.samples.daytrader.web.websocket.ActionMessage: void doDecoding(java.lang.String)>
<com.ibm.websphere.samples.daytrader.web.prims.PingServlet2PDF: void doPost(javax.servlet.http.HttpServletRequest,javax.servlet.http.HttpServletResponse)>
<com.ibm.websphere.samples.daytrader.web.prims.PingServlet2PDF: void doGet(javax.servlet.http.HttpServletRequest,javax.servlet.http.HttpServletResponse)>
<com.ibm.websphere.samples.daytrader.web.servlet.TradeConfigServlet: void service(javax.servlet.http.HttpServletRequest,javax.servlet.http.HttpServletResponse)>
<com.ibm.websphere.samples.daytrader.web.prims.ejb3.PingServlet2MDBQueue: void doPost(javax.servlet.http.HttpServletRequest,javax.servlet.http.HttpServletResponse)>
<com.ibm.websphere.samples.daytrader.web.prims.ejb3.PingServlet2MDBQueue: void doGet(javax.servlet.http.HttpServletRequest,javax.servlet.http.HttpServletResponse)>
<com.ibm.websphere.samples.daytrader.web.prims.ejb3.PingServlet2MDBQueue: void init(javax.servlet.ServletConfig)>
<com.ibm.websphere.samples.daytrader.web.prims.PingBean: void setMsg(java.lang.String)>
<com.ibm.websphere.samples.daytrader.web.websocket.JsonDecoder: void init(javax.websocket.EndpointConfig)>
<com.ibm.websphere.samples.daytrader.web.websocket.JsonDecoder: com.ibm.websphere.samples.daytrader.web.websocket.JsonMessage decode(java.lang.String)>
<com.ibm.websphere.samples.daytrader.web.prims.PingJSONPObjectFactory: void doPost(javax.servlet.http.HttpServletRequest,javax.servlet.http.HttpServletResponse)>
<com.ibm.websphere.samples.daytrader.web.websocket.JsonDecoder: boolean willDecode(java.lang.String)>
<com.ibm.websphere.samples.daytrader.web.prims.PingJSONPObjectFactory: void doGet(javax.servlet.http.HttpServletRequest,javax.servlet.http.HttpServletResponse)>
<com.ibm.websphere.samples.daytrader.web.websocket.JsonDecoder: java.lang.Object decode(java.lang.String)>
<com.ibm.websphere.samples.daytrader.web.prims.PingJSONPObjectFactory: void init(javax.servlet.ServletConfig)>
<com.ibm.websphere.samples.daytrader.web.prims.PingServlet2DB: void doPost(javax.servlet.http.HttpServletRequest,javax.servlet.http.HttpServletResponse)>
<com.ibm.websphere.samples.daytrader.web.prims.PingServlet2DB: void doGet(javax.servlet.http.HttpServletRequest,javax.servlet.http.HttpServletResponse)>
<com.ibm.websphere.samples.daytrader.web.prims.PingSession3: void doPost(javax.servlet.http.HttpServletRequest,javax.servlet.http.HttpServletResponse)>
<com.ibm.websphere.samples.daytrader.web.prims.PingSession3: void doGet(javax.servlet.http.HttpServletRequest,javax.servlet.http.HttpServletResponse)>
<com.ibm.websphere.samples.daytrader.web.prims.PingServlet2DB: void init(javax.servlet.ServletConfig)>
<com.ibm.websphere.samples.daytrader.web.servlet.TradeAppServlet: void init(javax.servlet.ServletConfig)>
<com.ibm.websphere.samples.daytrader.web.servlet.TradeAppServlet: void doGet(javax.servlet.http.HttpServletRequest,javax.servlet.http.HttpServletResponse)>
<com.ibm.websphere.samples.daytrader.web.servlet.TradeAppServlet: void doPost(javax.servlet.http.HttpServletRequest,javax.servlet.http.HttpServletResponse)>
<com.ibm.websphere.samples.daytrader.web.servlet.TradeAppServlet: void performTask(javax.servlet.http.HttpServletRequest,javax.servlet.http.HttpServletResponse)>
<com.ibm.websphere.samples.daytrader.web.prims.PingSession3: void init(javax.servlet.ServletConfig)>
<com.ibm.websphere.samples.daytrader.web.prims.beanval.PingServletBeanValCDI: void doPost(javax.servlet.http.HttpServletRequest,javax.servlet.http.HttpServletResponse)>
<com.ibm.websphere.samples.daytrader.web.prims.beanval.PingServletBeanValCDI: void doGet(javax.servlet.http.HttpServletRequest,javax.servlet.http.HttpServletResponse)>
<com.ibm.websphere.samples.daytrader.web.prims.beanval.PingServletBeanValCDI: void init(javax.servlet.ServletConfig)>
<com.ibm.websphere.samples.daytrader.web.servlet.TradeScenarioServlet: void init(javax.servlet.ServletConfig)>
<com.ibm.websphere.samples.daytrader.web.servlet.TradeScenarioServlet: void doGet(javax.servlet.http.HttpServletRequest,javax.servlet.http.HttpServletResponse)>
<com.ibm.websphere.samples.daytrader.web.servlet.TradeScenarioServlet: void doPost(javax.servlet.http.HttpServletRequest,javax.servlet.http.HttpServletResponse)>
<com.ibm.websphere.samples.daytrader.web.servlet.TradeScenarioServlet: void performTask(javax.servlet.http.HttpServletRequest,javax.servlet.http.HttpServletResponse)>
<com.ibm.websphere.samples.daytrader.web.servlet.TradeAppServlet: void pushHeaderImages(javax.servlet.http.PushBuilder)>
<com.ibm.websphere.samples.daytrader.web.jsf.QuoteJSF: void <init>(javax.enterprise.inject.Instance)>
<com.ibm.websphere.samples.daytrader.web.jsf.QuoteJSF: void setQuotes(com.ibm.websphere.samples.daytrader.web.jsf.QuoteData[])>
<com.ibm.websphere.samples.daytrader.web.jsf.QuoteJSF: void setSymbols(java.lang.String)>
<com.ibm.websphere.samples.daytrader.web.prims.ExplicitGC: void doPost(javax.servlet.http.HttpServletRequest,javax.servlet.http.HttpServletResponse)>
<com.ibm.websphere.samples.daytrader.web.prims.ExplicitGC: void doGet(javax.servlet.http.HttpServletRequest,javax.servlet.http.HttpServletResponse)>
<com.ibm.websphere.samples.daytrader.web.prims.ExplicitGC: void init(javax.servlet.ServletConfig)>
<com.ibm.websphere.samples.daytrader.web.prims.http2.PingServletSimple: void doGet(javax.servlet.http.HttpServletRequest,javax.servlet.http.HttpServletResponse)>
<com.ibm.websphere.samples.daytrader.web.prims.http2.PingServletSimple: void init(javax.servlet.ServletConfig)>
<com.ibm.websphere.samples.daytrader.jaxrs.BroadcastResource: void setSse(javax.ws.rs.sse.Sse)>
<com.ibm.websphere.samples.daytrader.jaxrs.BroadcastResource: void register(javax.ws.rs.sse.SseEventSink)>
<com.ibm.websphere.samples.daytrader.jaxrs.BroadcastResource: void eventStreamCdi(java.lang.String)>
<com.ibm.websphere.samples.daytrader.beans.RunStatsDataBean: void setTradeUserCount(int)>
<com.ibm.websphere.samples.daytrader.beans.RunStatsDataBean: void setNewUserCount(int)>
<com.ibm.websphere.samples.daytrader.beans.RunStatsDataBean: void setSumLoginCount(int)>
<com.ibm.websphere.samples.daytrader.beans.RunStatsDataBean: void setSumLogoutCount(int)>
<com.ibm.websphere.samples.daytrader.web.prims.PingServletWriter: void doPost(javax.servlet.http.HttpServletRequest,javax.servlet.http.HttpServletResponse)>
<com.ibm.websphere.samples.daytrader.beans.RunStatsDataBean: void setHoldingCount(int)>
<com.ibm.websphere.samples.daytrader.web.prims.PingServletWriter: void doGet(javax.servlet.http.HttpServletRequest,javax.servlet.http.HttpServletResponse)>
<com.ibm.websphere.samples.daytrader.beans.RunStatsDataBean: void setBuyOrderCount(int)>
<com.ibm.websphere.samples.daytrader.beans.RunStatsDataBean: void setSellOrderCount(int)>
<com.ibm.websphere.samples.daytrader.beans.RunStatsDataBean: void setCancelledOrderCount(int)>
<com.ibm.websphere.samples.daytrader.beans.RunStatsDataBean: void setOpenOrderCount(int)>
<com.ibm.websphere.samples.daytrader.beans.RunStatsDataBean: void setDeletedOrderCount(int)>
<com.ibm.websphere.samples.daytrader.beans.RunStatsDataBean: void setOrderCount(int)>
<com.ibm.websphere.samples.daytrader.beans.RunStatsDataBean: void setTradeStockCount(int)>
<com.ibm.websphere.samples.daytrader.web.prims.PingServletWriter: void init(javax.servlet.ServletConfig)>
<com.ibm.websphere.samples.daytrader.entities.AccountDataBean: void <init>(java.lang.Integer,int,int,java.util.Date,java.util.Date,java.math.BigDecimal,java.math.BigDecimal,java.lang.String)>
<com.ibm.websphere.samples.daytrader.entities.AccountDataBean: void <init>(int,int,java.util.Date,java.util.Date,java.math.BigDecimal,java.math.BigDecimal,java.lang.String)>
<com.ibm.websphere.samples.daytrader.web.jsf.HoldingData: void setHoldingID(java.lang.Integer)>
<com.ibm.websphere.samples.daytrader.web.jsf.HoldingData: void setQuantity(double)>
<com.ibm.websphere.samples.daytrader.web.jsf.HoldingData: void setPurchasePrice(java.math.BigDecimal)>
<com.ibm.websphere.samples.daytrader.web.jsf.HoldingData: void setPurchaseDate(java.util.Date)>
<com.ibm.websphere.samples.daytrader.web.jsf.HoldingData: void setQuoteID(java.lang.String)>
<com.ibm.websphere.samples.daytrader.web.jsf.HoldingData: void setPrice(java.math.BigDecimal)>
<com.ibm.websphere.samples.daytrader.web.jsf.HoldingData: void setBasis(java.math.BigDecimal)>
<com.ibm.websphere.samples.daytrader.web.jsf.HoldingData: void setMarketValue(java.math.BigDecimal)>
<com.ibm.websphere.samples.daytrader.web.jsf.HoldingData: void setGain(java.math.BigDecimal)>
<com.ibm.websphere.samples.daytrader.web.prims.PingServlet31AsyncRead: void doPost(javax.servlet.http.HttpServletRequest,javax.servlet.http.HttpServletResponse)>
<com.ibm.websphere.samples.daytrader.web.prims.PingServlet31AsyncRead: void doGet(javax.servlet.http.HttpServletRequest,javax.servlet.http.HttpServletResponse)>
<com.ibm.websphere.samples.daytrader.entities.AccountDataBean: void setAccountID(java.lang.Integer)>
<com.ibm.websphere.samples.daytrader.web.prims.PingServlet31AsyncRead: void init(javax.servlet.ServletConfig)>
<com.ibm.websphere.samples.daytrader.entities.AccountDataBean: void setLoginCount(int)>
<com.ibm.websphere.samples.daytrader.entities.AccountDataBean: void setLogoutCount(int)>
<com.ibm.websphere.samples.daytrader.entities.AccountDataBean: void setLastLogin(java.util.Date)>
<com.ibm.websphere.samples.daytrader.entities.AccountDataBean: void setCreationDate(java.util.Date)>
<com.ibm.websphere.samples.daytrader.entities.AccountDataBean: void setBalance(java.math.BigDecimal)>
<com.ibm.websphere.samples.daytrader.entities.AccountDataBean: void setOpenBalance(java.math.BigDecimal)>
<com.ibm.websphere.samples.daytrader.entities.AccountDataBean: void setProfileID(java.lang.String)>
<com.ibm.websphere.samples.daytrader.entities.AccountDataBean: void setOrders(java.util.Collection)>
<com.ibm.websphere.samples.daytrader.entities.AccountDataBean: void setHoldings(java.util.Collection)>
<com.ibm.websphere.samples.daytrader.entities.AccountDataBean: void setProfile(com.ibm.websphere.samples.daytrader.entities.AccountProfileDataBean)>
<com.ibm.websphere.samples.daytrader.entities.AccountDataBean: void login(java.lang.String)>
<com.ibm.websphere.samples.daytrader.entities.AccountDataBean: boolean equals(java.lang.Object)>
<com.ibm.websphere.samples.daytrader.web.prims.PingServlet: void doPost(javax.servlet.http.HttpServletRequest,javax.servlet.http.HttpServletResponse)>
<com.ibm.websphere.samples.daytrader.web.prims.PingServlet: void doGet(javax.servlet.http.HttpServletRequest,javax.servlet.http.HttpServletResponse)>
<com.ibm.websphere.samples.daytrader.web.jsf.AccountDataJSF: void <init>(javax.enterprise.inject.Instance)>
<com.ibm.websphere.samples.daytrader.web.prims.PingServlet: void init(javax.servlet.ServletConfig)>
<com.ibm.websphere.samples.daytrader.web.prims.beanval.PingServletBeanValSimple1: void doPost(javax.servlet.http.HttpServletRequest,javax.servlet.http.HttpServletResponse)>
<com.ibm.websphere.samples.daytrader.web.prims.beanval.PingServletBeanValSimple1: void doGet(javax.servlet.http.HttpServletRequest,javax.servlet.http.HttpServletResponse)>
<com.ibm.websphere.samples.daytrader.web.prims.beanval.PingServletBeanValSimple1: void init(javax.servlet.ServletConfig)>
<com.ibm.websphere.samples.daytrader.util.TradeRunTimeModeLiteral: void <init>(java.lang.String)>
<com.ibm.websphere.samples.daytrader.web.jsf.AccountDataJSF: void doAccountData(com.ibm.websphere.samples.daytrader.entities.AccountDataBean,java.util.Collection)>
<com.ibm.websphere.samples.daytrader.web.prims.PingServlet30Async: void doPost(javax.servlet.http.HttpServletRequest,javax.servlet.http.HttpServletResponse)>
<com.ibm.websphere.samples.daytrader.web.jsf.AccountDataJSF: void setSessionCreationDate(java.util.Date)>
<com.ibm.websphere.samples.daytrader.web.jsf.AccountDataJSF: void setCurrentTime(java.util.Date)>
<com.ibm.websphere.samples.daytrader.web.jsf.AccountDataJSF: void setProfileID(java.lang.String)>
<com.ibm.websphere.samples.daytrader.web.prims.PingServlet30Async: void doGet(javax.servlet.http.HttpServletRequest,javax.servlet.http.HttpServletResponse)>
<com.ibm.websphere.samples.daytrader.web.jsf.AccountDataJSF: void setAccountID(java.lang.Integer)>
<com.ibm.websphere.samples.daytrader.web.jsf.AccountDataJSF: void setCreationDate(java.util.Date)>
<com.ibm.websphere.samples.daytrader.web.prims.PingServlet30Async: void init(javax.servlet.ServletConfig)>
<com.ibm.websphere.samples.daytrader.web.jsf.AccountDataJSF: void setLoginCount(int)>
<com.ibm.websphere.samples.daytrader.web.jsf.AccountDataJSF: void setBalance(java.math.BigDecimal)>
<com.ibm.websphere.samples.daytrader.web.jsf.AccountDataJSF: void setOpenBalance(java.math.BigDecimal)>
<com.ibm.websphere.samples.daytrader.web.jsf.AccountDataJSF: void setHoldingsTotal(java.math.BigDecimal)>
<com.ibm.websphere.samples.daytrader.web.jsf.AccountDataJSF: void setSumOfCashHoldings(java.math.BigDecimal)>
<com.ibm.websphere.samples.daytrader.web.jsf.AccountDataJSF: void setGain(java.math.BigDecimal)>
<com.ibm.websphere.samples.daytrader.web.jsf.AccountDataJSF: void setGainPercent(java.math.BigDecimal)>
<com.ibm.websphere.samples.daytrader.web.jsf.AccountDataJSF: void setNumberHoldings(java.lang.Integer)>
<com.ibm.websphere.samples.daytrader.web.jsf.AccountDataJSF: void setClosedOrders(com.ibm.websphere.samples.daytrader.web.jsf.OrderData[])>
<com.ibm.websphere.samples.daytrader.web.jsf.AccountDataJSF: void setLastLogin(java.util.Date)>
<com.ibm.websphere.samples.daytrader.web.jsf.AccountDataJSF: void setLogoutCount(int)>
<com.ibm.websphere.samples.daytrader.web.jsf.AccountDataJSF: void setAllOrders(com.ibm.websphere.samples.daytrader.web.jsf.OrderData[])>
<com.ibm.websphere.samples.daytrader.web.jsf.AccountDataJSF: void setNumberOfOrders(java.lang.Integer)>
<com.ibm.websphere.samples.daytrader.impl.ejb3.TradeSLSBBean: com.ibm.websphere.samples.daytrader.entities.OrderDataBean buy(java.lang.String,java.lang.String,double,int)>
<com.ibm.websphere.samples.daytrader.web.prims.cdi.PingServletCDIEvent: void doGet(javax.servlet.http.HttpServletRequest,javax.servlet.http.HttpServletResponse)>
<com.ibm.websphere.samples.daytrader.impl.ejb3.TradeSLSBBean: com.ibm.websphere.samples.daytrader.entities.OrderDataBean sell(java.lang.String,java.lang.Integer,int)>
<com.ibm.websphere.samples.daytrader.web.prims.cdi.PingServletCDIEvent: void init(javax.servlet.ServletConfig)>
<com.ibm.websphere.samples.daytrader.web.prims.cdi.PingServletCDIEvent: void onEvent(java.lang.String)>
<com.ibm.websphere.samples.daytrader.web.prims.jaxrs.JAXRSSyncService: java.lang.String echoString(java.lang.String)>
<com.ibm.websphere.samples.daytrader.web.prims.jaxrs.JAXRSSyncService: com.ibm.websphere.samples.daytrader.web.prims.jaxrs.TestJSONObject echoObject(com.ibm.websphere.samples.daytrader.web.prims.jaxrs.TestJSONObject)>
<com.ibm.websphere.samples.daytrader.web.prims.jaxrs.JAXRSSyncService: com.ibm.websphere.samples.daytrader.web.prims.jaxrs.XMLObject echoObject(com.ibm.websphere.samples.daytrader.web.prims.jaxrs.XMLObject)>
<com.ibm.websphere.samples.daytrader.web.jsf.OrderData: void <init>(java.lang.Integer,java.lang.String,java.util.Date,java.util.Date,java.math.BigDecimal,java.lang.String,double,java.lang.String)>
<com.ibm.websphere.samples.daytrader.web.jsf.OrderData: void <init>(java.lang.Integer,java.lang.String,java.util.Date,java.util.Date,java.math.BigDecimal,java.lang.String,double,java.lang.String,java.math.BigDecimal)>
<com.ibm.websphere.samples.daytrader.impl.ejb3.TradeSLSBBean: void queueOrder(java.lang.Integer,boolean)>
<com.ibm.websphere.samples.daytrader.impl.ejb3.TradeSLSBBean: com.ibm.websphere.samples.daytrader.entities.OrderDataBean completeOrder(java.lang.Integer,boolean)>
<com.ibm.websphere.samples.daytrader.web.websocket.MarketSummaryWebSocket: void <init>(javax.enterprise.inject.Instance)>
<com.ibm.websphere.samples.daytrader.impl.ejb3.TradeSLSBBean: java.util.concurrent.Future completeOrderAsync(java.lang.Integer,boolean)>
<com.ibm.websphere.samples.daytrader.impl.ejb3.TradeSLSBBean: void cancelOrder(java.lang.Integer,boolean)>
<com.ibm.websphere.samples.daytrader.impl.ejb3.TradeSLSBBean: void orderCompleted(java.lang.String,java.lang.Integer)>
<com.ibm.websphere.samples.daytrader.impl.ejb3.TradeSLSBBean: java.util.Collection getOrders(java.lang.String)>
<com.ibm.websphere.samples.daytrader.impl.ejb3.TradeSLSBBean: java.util.Collection getClosedOrders(java.lang.String)>
<com.ibm.websphere.samples.daytrader.impl.ejb3.TradeSLSBBean: com.ibm.websphere.samples.daytrader.entities.QuoteDataBean createQuote(java.lang.String,java.lang.String,java.math.BigDecimal)>
<com.ibm.websphere.samples.daytrader.web.prims.PingServlet31Async$ReadListenerImpl: void <init>(com.ibm.websphere.samples.daytrader.web.prims.PingServlet31Async,javax.servlet.ServletInputStream,javax.servlet.http.HttpServletResponse,javax.servlet.AsyncContext)>
<com.ibm.websphere.samples.daytrader.impl.ejb3.TradeSLSBBean: com.ibm.websphere.samples.daytrader.entities.QuoteDataBean getQuote(java.lang.String)>
<com.ibm.websphere.samples.daytrader.impl.ejb3.TradeSLSBBean: com.ibm.websphere.samples.daytrader.entities.QuoteDataBean updateQuotePriceVolume(java.lang.String,java.math.BigDecimal,double)>
<com.ibm.websphere.samples.daytrader.entities.QuoteDataBean: void <init>(java.lang.String,java.lang.String,double,java.math.BigDecimal,java.math.BigDecimal,java.math.BigDecimal,java.math.BigDecimal,double)>
<com.ibm.websphere.samples.daytrader.impl.ejb3.TradeSLSBBean: java.util.Collection getHoldings(java.lang.String)>
<com.ibm.websphere.samples.daytrader.impl.ejb3.TradeSLSBBean: com.ibm.websphere.samples.daytrader.entities.HoldingDataBean getHolding(java.lang.Integer)>
<com.ibm.websphere.samples.daytrader.impl.ejb3.TradeSLSBBean: com.ibm.websphere.samples.daytrader.entities.AccountDataBean getAccountData(java.lang.String)>
<com.ibm.websphere.samples.daytrader.entities.QuoteDataBean: void <init>(java.lang.String)>
<com.ibm.websphere.samples.daytrader.impl.ejb3.TradeSLSBBean: com.ibm.websphere.samples.daytrader.entities.AccountProfileDataBean getAccountProfileData(java.lang.String)>
<com.ibm.websphere.samples.daytrader.impl.ejb3.TradeSLSBBean: com.ibm.websphere.samples.daytrader.entities.AccountProfileDataBean updateAccountProfile(com.ibm.websphere.samples.daytrader.entities.AccountProfileDataBean)>
<com.ibm.websphere.samples.daytrader.impl.ejb3.TradeSLSBBean: com.ibm.websphere.samples.daytrader.entities.AccountDataBean login(java.lang.String,java.lang.String)>
<com.ibm.websphere.samples.daytrader.impl.ejb3.TradeSLSBBean: void logout(java.lang.String)>
<com.ibm.websphere.samples.daytrader.impl.ejb3.TradeSLSBBean: com.ibm.websphere.samples.daytrader.entities.AccountDataBean register(java.lang.String,java.lang.String,java.lang.String,java.lang.String,java.lang.String,java.lang.String,java.math.BigDecimal)>
<com.ibm.websphere.samples.daytrader.entities.QuoteDataBean: void setSymbol(java.lang.String)>
<com.ibm.websphere.samples.daytrader.entities.QuoteDataBean: void setCompanyName(java.lang.String)>
<com.ibm.websphere.samples.daytrader.entities.QuoteDataBean: void setPrice(java.math.BigDecimal)>
<com.ibm.websphere.samples.daytrader.entities.QuoteDataBean: void setOpen(java.math.BigDecimal)>
<com.ibm.websphere.samples.daytrader.entities.QuoteDataBean: void setLow(java.math.BigDecimal)>
<com.ibm.websphere.samples.daytrader.entities.QuoteDataBean: void setHigh(java.math.BigDecimal)>
<com.ibm.websphere.samples.daytrader.entities.QuoteDataBean: void setChange(double)>
<com.ibm.websphere.samples.daytrader.entities.QuoteDataBean: void setVolume(double)>
<com.ibm.websphere.samples.daytrader.impl.ejb3.TradeSLSBBean: void publishQuotePriceChange(com.ibm.websphere.samples.daytrader.entities.QuoteDataBean,java.math.BigDecimal,java.math.BigDecimal,double)>
<com.ibm.websphere.samples.daytrader.entities.QuoteDataBean: boolean equals(java.lang.Object)>
<com.ibm.websphere.samples.daytrader.web.prims.ejb3.PingServlet2Session2CMROne2Many: void doPost(javax.servlet.http.HttpServletRequest,javax.servlet.http.HttpServletResponse)>
<com.ibm.websphere.samples.daytrader.web.prims.ejb3.PingServlet2Session2CMROne2Many: void doGet(javax.servlet.http.HttpServletRequest,javax.servlet.http.HttpServletResponse)>
<com.ibm.websphere.samples.daytrader.impl.ejb3.TradeSLSBBean: com.ibm.websphere.samples.daytrader.entities.OrderDataBean createOrder(com.ibm.websphere.samples.daytrader.entities.AccountDataBean,com.ibm.websphere.samples.daytrader.entities.QuoteDataBean,com.ibm.websphere.samples.daytrader.entities.HoldingDataBean,java.lang.String,double)>
<com.ibm.websphere.samples.daytrader.impl.ejb3.TradeSLSBBean: com.ibm.websphere.samples.daytrader.entities.HoldingDataBean createHolding(com.ibm.websphere.samples.daytrader.entities.AccountDataBean,com.ibm.websphere.samples.daytrader.entities.QuoteDataBean,double,java.math.BigDecimal)>
<com.ibm.websphere.samples.daytrader.web.prims.ejb3.PingServlet2Session2CMROne2Many: void init(javax.servlet.ServletConfig)>
<com.ibm.websphere.samples.daytrader.impl.ejb3.TradeSLSBBean: double investmentReturn(double,double)>
<com.ibm.websphere.samples.daytrader.impl.ejb3.TradeSLSBBean: com.ibm.websphere.samples.daytrader.entities.QuoteDataBean pingTwoPhase(java.lang.String)>
<com.ibm.websphere.samples.daytrader.web.prims.PingServlet2Include: void doPost(javax.servlet.http.HttpServletRequest,javax.servlet.http.HttpServletResponse)>
<com.ibm.websphere.samples.daytrader.web.prims.PingServlet2Include: void doGet(javax.servlet.http.HttpServletRequest,javax.servlet.http.HttpServletResponse)>
<com.ibm.websphere.samples.daytrader.web.prims.PingServlet2Include: void init(javax.servlet.ServletConfig)>
<com.ibm.websphere.samples.daytrader.impl.ejb3.TradeSLSBBean: void setInSession(boolean)>
<com.ibm.websphere.samples.daytrader.web.prims.ejb3.PingServlet2Session2Entity: void doPost(javax.servlet.http.HttpServletRequest,javax.servlet.http.HttpServletResponse)>
<com.ibm.websphere.samples.daytrader.web.prims.ejb3.PingServlet2Session2Entity: void doGet(javax.servlet.http.HttpServletRequest,javax.servlet.http.HttpServletResponse)>
<com.ibm.websphere.samples.daytrader.web.prims.ejb3.PingServlet2TwoPhase: void doPost(javax.servlet.http.HttpServletRequest,javax.servlet.http.HttpServletResponse)>
<com.ibm.websphere.samples.daytrader.web.prims.ejb3.PingServlet2TwoPhase: void doGet(javax.servlet.http.HttpServletRequest,javax.servlet.http.HttpServletResponse)>
<com.ibm.websphere.samples.daytrader.web.prims.ejb3.PingServlet2Session2Entity: void init(javax.servlet.ServletConfig)>
<com.ibm.websphere.samples.daytrader.web.prims.ejb3.PingServlet2TwoPhase: void init(javax.servlet.ServletConfig)>
<com.ibm.websphere.samples.daytrader.web.servlet.TradeServletAction: void <init>(javax.enterprise.inject.Instance)>
<com.ibm.websphere.samples.daytrader.web.servlet.TradeServletAction: void doAccount(javax.servlet.ServletContext,javax.servlet.http.HttpServletRequest,javax.servlet.http.HttpServletResponse,java.lang.String,java.lang.String)>
<com.ibm.websphere.samples.daytrader.web.prims.PingReentryServlet: void doPost(javax.servlet.http.HttpServletRequest,javax.servlet.http.HttpServletResponse)>
<com.ibm.websphere.samples.daytrader.web.prims.PingReentryServlet: void doGet(javax.servlet.http.HttpServletRequest,javax.servlet.http.HttpServletResponse)>
<com.ibm.websphere.samples.daytrader.web.servlet.TradeServletAction: void doAccountUpdate(javax.servlet.ServletContext,javax.servlet.http.HttpServletRequest,javax.servlet.http.HttpServletResponse,java.lang.String,java.lang.String,java.lang.String,java.lang.String,java.lang.String,java.lang.String,java.lang.String)>
<com.ibm.websphere.samples.daytrader.web.prims.PingReentryServlet: void init(javax.servlet.ServletConfig)>
<com.ibm.websphere.samples.daytrader.web.servlet.TradeServletAction: void doBuy(javax.servlet.ServletContext,javax.servlet.http.HttpServletRequest,javax.servlet.http.HttpServletResponse,java.lang.String,java.lang.String,java.lang.String)>
<com.ibm.websphere.samples.daytrader.web.prims.PingServlet2ServletRcv: void doPost(javax.servlet.http.HttpServletRequest,javax.servlet.http.HttpServletResponse)>
<com.ibm.websphere.samples.daytrader.web.prims.PingServlet2ServletRcv: void doGet(javax.servlet.http.HttpServletRequest,javax.servlet.http.HttpServletResponse)>
<com.ibm.websphere.samples.daytrader.web.prims.PingServlet2ServletRcv: void init(javax.servlet.ServletConfig)>
<com.ibm.websphere.samples.daytrader.web.prims.PingServlet2IncludeRcv: void doPost(javax.servlet.http.HttpServletRequest,javax.servlet.http.HttpServletResponse)>
<com.ibm.websphere.samples.daytrader.web.servlet.TradeServletAction: void doHome(javax.servlet.ServletContext,javax.servlet.http.HttpServletRequest,javax.servlet.http.HttpServletResponse,java.lang.String,java.lang.String)>
<com.ibm.websphere.samples.daytrader.web.prims.PingServlet2IncludeRcv: void doGet(javax.servlet.http.HttpServletRequest,javax.servlet.http.HttpServletResponse)>
<com.ibm.websphere.samples.daytrader.impl.ejb3.AsyncScheduledOrder: void <init>(javax.enterprise.inject.Instance)>
<com.ibm.websphere.samples.daytrader.web.servlet.TradeServletAction: void doLogin(javax.servlet.ServletContext,javax.servlet.http.HttpServletRequest,javax.servlet.http.HttpServletResponse,java.lang.String,java.lang.String)>
<com.ibm.websphere.samples.daytrader.impl.session2direct.DirectSLSBBean: com.ibm.websphere.samples.daytrader.entities.OrderDataBean createOrder(com.ibm.websphere.samples.daytrader.entities.AccountDataBean,com.ibm.websphere.samples.daytrader.entities.QuoteDataBean,com.ibm.websphere.samples.daytrader.entities.HoldingDataBean,java.lang.String,double)>
<com.ibm.websphere.samples.daytrader.impl.session2direct.DirectSLSBBean: com.ibm.websphere.samples.daytrader.entities.OrderDataBean buy(java.lang.String,java.lang.String,double,int)>
<com.ibm.websphere.samples.daytrader.impl.session2direct.DirectSLSBBean: com.ibm.websphere.samples.daytrader.entities.OrderDataBean sell(java.lang.String,java.lang.Integer,int)>
<com.ibm.websphere.samples.daytrader.impl.session2direct.DirectSLSBBean: void queueOrder(java.lang.Integer,boolean)>
<com.ibm.websphere.samples.daytrader.impl.session2direct.DirectSLSBBean: com.ibm.websphere.samples.daytrader.entities.OrderDataBean completeOrder(java.lang.Integer,boolean)>
<com.ibm.websphere.samples.daytrader.impl.session2direct.DirectSLSBBean: java.util.concurrent.Future completeOrderAsync(java.lang.Integer,boolean)>
<com.ibm.websphere.samples.daytrader.impl.session2direct.DirectSLSBBean: void cancelOrder(java.lang.Integer,boolean)>
<com.ibm.websphere.samples.daytrader.impl.session2direct.DirectSLSBBean: void orderCompleted(java.lang.String,java.lang.Integer)>
<com.ibm.websphere.samples.daytrader.web.servlet.TradeServletAction: void doLogout(javax.servlet.ServletContext,javax.servlet.http.HttpServletRequest,javax.servlet.http.HttpServletResponse,java.lang.String)>
<com.ibm.websphere.samples.daytrader.impl.session2direct.DirectSLSBBean: java.util.Collection getOrders(java.lang.String)>
<com.ibm.websphere.samples.daytrader.impl.session2direct.DirectSLSBBean: java.util.Collection getClosedOrders(java.lang.String)>
<com.ibm.websphere.samples.daytrader.impl.session2direct.DirectSLSBBean: com.ibm.websphere.samples.daytrader.entities.QuoteDataBean createQuote(java.lang.String,java.lang.String,java.math.BigDecimal)>
<com.ibm.websphere.samples.daytrader.impl.session2direct.DirectSLSBBean: com.ibm.websphere.samples.daytrader.entities.QuoteDataBean getQuote(java.lang.String)>
<com.ibm.websphere.samples.daytrader.impl.session2direct.DirectSLSBBean: com.ibm.websphere.samples.daytrader.entities.QuoteDataBean updateQuotePriceVolume(java.lang.String,java.math.BigDecimal,double)>
<com.ibm.websphere.samples.daytrader.impl.session2direct.DirectSLSBBean: java.util.Collection getHoldings(java.lang.String)>
<com.ibm.websphere.samples.daytrader.impl.session2direct.DirectSLSBBean: com.ibm.websphere.samples.daytrader.entities.HoldingDataBean getHolding(java.lang.Integer)>
<com.ibm.websphere.samples.daytrader.web.servlet.TradeServletAction: void doPortfolio(javax.servlet.ServletContext,javax.servlet.http.HttpServletRequest,javax.servlet.http.HttpServletResponse,java.lang.String,java.lang.String)>
<com.ibm.websphere.samples.daytrader.impl.session2direct.DirectSLSBBean: com.ibm.websphere.samples.daytrader.entities.AccountDataBean getAccountData(java.lang.String)>
<com.ibm.websphere.samples.daytrader.impl.session2direct.DirectSLSBBean: com.ibm.websphere.samples.daytrader.entities.AccountProfileDataBean getAccountProfileData(java.lang.String)>
<com.ibm.websphere.samples.daytrader.impl.session2direct.DirectSLSBBean: com.ibm.websphere.samples.daytrader.entities.AccountProfileDataBean updateAccountProfile(com.ibm.websphere.samples.daytrader.entities.AccountProfileDataBean)>
<com.ibm.websphere.samples.daytrader.impl.session2direct.DirectSLSBBean: com.ibm.websphere.samples.daytrader.entities.AccountDataBean login(java.lang.String,java.lang.String)>
<com.ibm.websphere.samples.daytrader.impl.session2direct.DirectSLSBBean: void logout(java.lang.String)>
<com.ibm.websphere.samples.daytrader.impl.session2direct.DirectSLSBBean: com.ibm.websphere.samples.daytrader.entities.AccountDataBean register(java.lang.String,java.lang.String,java.lang.String,java.lang.String,java.lang.String,java.lang.String,java.math.BigDecimal)>
<com.ibm.websphere.samples.daytrader.impl.session2direct.DirectSLSBBean: com.ibm.websphere.samples.daytrader.entities.QuoteDataBean pingTwoPhase(java.lang.String)>
<com.ibm.websphere.samples.daytrader.impl.session2direct.DirectSLSBBean: double investmentReturn(double,double)>
<com.ibm.websphere.samples.daytrader.impl.session2direct.DirectSLSBBean: void setInSession(boolean)>
<com.ibm.websphere.samples.daytrader.util.FinancialUtils: java.math.BigDecimal computeGain(java.math.BigDecimal,java.math.BigDecimal)>
<com.ibm.websphere.samples.daytrader.util.FinancialUtils: java.math.BigDecimal computeGainPercent(java.math.BigDecimal,java.math.BigDecimal)>
<com.ibm.websphere.samples.daytrader.web.servlet.TradeServletAction: void doQuotes(javax.servlet.ServletContext,javax.servlet.http.HttpServletRequest,javax.servlet.http.HttpServletResponse,java.lang.String,java.lang.String)>
<com.ibm.websphere.samples.daytrader.util.FinancialUtils: java.math.BigDecimal computeHoldingsTotal(java.util.Collection)>
<com.ibm.websphere.samples.daytrader.web.servlet.TradeServletAction: void doRegister(javax.servlet.ServletContext,javax.servlet.http.HttpServletRequest,javax.servlet.http.HttpServletResponse,java.lang.String,java.lang.String,java.lang.String,java.lang.String,java.lang.String,java.lang.String,java.lang.String,java.lang.String)>
<com.ibm.websphere.samples.daytrader.web.jsf.MarketSummaryJSF: void <init>(javax.enterprise.inject.Instance)>
<com.ibm.websphere.samples.daytrader.web.servlet.TradeServletAction: void doSell(javax.servlet.ServletContext,javax.servlet.http.HttpServletRequest,javax.servlet.http.HttpServletResponse,java.lang.String,java.lang.Integer)>
<com.ibm.websphere.samples.daytrader.web.servlet.TradeServletAction: void doWelcome(javax.servlet.ServletContext,javax.servlet.http.HttpServletRequest,javax.servlet.http.HttpServletResponse,java.lang.String)>
<com.ibm.websphere.samples.daytrader.web.servlet.TradeServletAction: void requestDispatch(javax.servlet.ServletContext,javax.servlet.http.HttpServletRequest,javax.servlet.http.HttpServletResponse,java.lang.String,java.lang.String)>
<com.ibm.websphere.samples.daytrader.web.jsf.MarketSummaryJSF: void setTSIA(java.math.BigDecimal)>
<com.ibm.websphere.samples.daytrader.web.servlet.TradeServletAction: void doMarketSummary(javax.servlet.ServletContext,javax.servlet.http.HttpServletRequest,javax.servlet.http.HttpServletResponse,java.lang.String)>
<com.ibm.websphere.samples.daytrader.web.jsf.MarketSummaryJSF: void setVolume(double)>
<com.ibm.websphere.samples.daytrader.web.jsf.MarketSummaryJSF: void setTopGainers(com.ibm.websphere.samples.daytrader.web.jsf.QuoteData[])>
<com.ibm.websphere.samples.daytrader.web.jsf.MarketSummaryJSF: void setTopLosers(com.ibm.websphere.samples.daytrader.web.jsf.QuoteData[])>
<com.ibm.websphere.samples.daytrader.web.jsf.MarketSummaryJSF: void setSummaryDate(java.util.Date)>
<com.ibm.websphere.samples.daytrader.web.jsf.MarketSummaryJSF: void setGainPercent(java.math.BigDecimal)>
<com.ibm.websphere.samples.daytrader.web.servlet.TradeWebContextListener: void contextInitialized(javax.servlet.ServletContextEvent)>
<com.ibm.websphere.samples.daytrader.web.prims.ejb3.PingServlet2Session2Entity2JSP: void doPost(javax.servlet.http.HttpServletRequest,javax.servlet.http.HttpServletResponse)>
<com.ibm.websphere.samples.daytrader.web.prims.ejb3.PingServlet2Session2Entity2JSP: void doGet(javax.servlet.http.HttpServletRequest,javax.servlet.http.HttpServletResponse)>
<com.ibm.websphere.samples.daytrader.web.prims.ejb3.PingServlet2Session2Entity2JSP: void init(javax.servlet.ServletConfig)>
<com.ibm.websphere.samples.daytrader.web.prims.PingJDBCWrite: void doGet(javax.servlet.http.HttpServletRequest,javax.servlet.http.HttpServletResponse)>
<com.ibm.websphere.samples.daytrader.web.servlet.TradeWebContextListener: void contextDestroyed(javax.servlet.ServletContextEvent)>
<com.ibm.websphere.samples.daytrader.web.prims.PingJDBCWrite: void init(javax.servlet.ServletConfig)>
<com.ibm.websphere.samples.daytrader.web.prims.beanval.CDIMethodConstraintBean: int getHitCount(java.time.LocalDateTime)>
<com.ibm.websphere.samples.daytrader.web.prims.PingJDBCWrite: void doPost(javax.servlet.http.HttpServletRequest,javax.servlet.http.HttpServletResponse)>
<com.ibm.websphere.samples.daytrader.web.jsf.PortfolioJSF: void <init>(javax.enterprise.inject.Instance)>
<com.ibm.websphere.samples.daytrader.web.prims.ejb3.PingServlet2Session: void doPost(javax.servlet.http.HttpServletRequest,javax.servlet.http.HttpServletResponse)>
<com.ibm.websphere.samples.daytrader.web.prims.ejb3.PingServlet2Session: void doGet(javax.servlet.http.HttpServletRequest,javax.servlet.http.HttpServletResponse)>
<com.ibm.websphere.samples.daytrader.web.prims.ejb3.PingServlet2Session: void init(javax.servlet.ServletConfig)>
<com.ibm.websphere.samples.daytrader.web.prims.PingManagedThread: void doPost(javax.servlet.http.HttpServletRequest,javax.servlet.http.HttpServletResponse)>
<com.ibm.websphere.samples.daytrader.web.prims.PingManagedThread: void doGet(javax.servlet.http.HttpServletRequest,javax.servlet.http.HttpServletResponse)>
<com.ibm.websphere.samples.daytrader.web.prims.PingManagedThread: void init(javax.servlet.ServletConfig)>
<com.ibm.websphere.samples.daytrader.web.prims.http2.PingServletPush: void doGet(javax.servlet.http.HttpServletRequest,javax.servlet.http.HttpServletResponse)>
<com.ibm.websphere.samples.daytrader.web.jsf.PortfolioJSF: void setTotalGainPercent(java.math.BigDecimal)>
<com.ibm.websphere.samples.daytrader.web.prims.ejb3.PingServlet2Entity: void doPost(javax.servlet.http.HttpServletRequest,javax.servlet.http.HttpServletResponse)>
<com.ibm.websphere.samples.daytrader.web.prims.ejb3.PingServlet2Entity: void doGet(javax.servlet.http.HttpServletRequest,javax.servlet.http.HttpServletResponse)>
<com.ibm.websphere.samples.daytrader.web.prims.http2.PingServletPush: void init(javax.servlet.ServletConfig)>
<com.ibm.websphere.samples.daytrader.web.prims.ejb3.PingServlet2Entity: void init(javax.servlet.ServletConfig)>
<com.ibm.websphere.samples.daytrader.beans.MarketSummaryDataBean: void <init>(java.math.BigDecimal,java.math.BigDecimal,double,java.util.Collection,java.util.Collection)>
<com.ibm.websphere.samples.daytrader.web.prims.PingServlet31AsyncRead$ReadListenerImpl: void <init>(com.ibm.websphere.samples.daytrader.web.prims.PingServlet31AsyncRead,javax.servlet.ServletInputStream,javax.servlet.http.HttpServletResponse,javax.servlet.AsyncContext)>
<com.ibm.websphere.samples.daytrader.web.prims.PingJDBCRead2JSP: void doPost(javax.servlet.http.HttpServletRequest,javax.servlet.http.HttpServletResponse)>
<com.ibm.websphere.samples.daytrader.web.prims.PingJDBCRead2JSP: void doGet(javax.servlet.http.HttpServletRequest,javax.servlet.http.HttpServletResponse)>
<com.ibm.websphere.samples.daytrader.web.prims.PingJDBCRead2JSP: void init(javax.servlet.ServletConfig)>
<com.ibm.websphere.samples.daytrader.web.prims.ejb3.PingServlet2MDBTopic: void doPost(javax.servlet.http.HttpServletRequest,javax.servlet.http.HttpServletResponse)>
<com.ibm.websphere.samples.daytrader.web.prims.ejb3.PingServlet2MDBTopic: void doGet(javax.servlet.http.HttpServletRequest,javax.servlet.http.HttpServletResponse)>
<com.ibm.websphere.samples.daytrader.beans.MarketSummaryDataBean: void setTSIA(java.math.BigDecimal)>
<com.ibm.websphere.samples.daytrader.beans.MarketSummaryDataBean: void setOpenTSIA(java.math.BigDecimal)>
<com.ibm.websphere.samples.daytrader.beans.MarketSummaryDataBean: void setVolume(double)>
<com.ibm.websphere.samples.daytrader.beans.MarketSummaryDataBean: void setTopGainers(java.util.Collection)>
<com.ibm.websphere.samples.daytrader.beans.MarketSummaryDataBean: void setTopLosers(java.util.Collection)>
<com.ibm.websphere.samples.daytrader.beans.MarketSummaryDataBean: void setSummaryDate(java.util.Date)>
<com.ibm.websphere.samples.daytrader.web.prims.PingServlet2JNDI: void doPost(javax.servlet.http.HttpServletRequest,javax.servlet.http.HttpServletResponse)>
<com.ibm.websphere.samples.daytrader.web.prims.PingServlet2JNDI: void doGet(javax.servlet.http.HttpServletRequest,javax.servlet.http.HttpServletResponse)>
<com.ibm.websphere.samples.daytrader.web.prims.PingServlet2JNDI: void init(javax.servlet.ServletConfig)>
<com.ibm.websphere.samples.daytrader.jaxrs.QuoteResource: void <init>(javax.enterprise.inject.Instance)>
<com.ibm.websphere.samples.daytrader.jaxrs.QuoteResource: java.util.List quotesGet(java.lang.String)>
<com.ibm.websphere.samples.daytrader.jaxrs.QuoteResource: java.util.List quotesPost(java.lang.String)>
<com.ibm.websphere.samples.daytrader.jaxrs.QuoteResource: java.util.List getQuotes(java.lang.String)>
<com.ibm.websphere.samples.daytrader.web.prims.ejb3.PingServlet2MDBTopic: void init(javax.servlet.ServletConfig)>
<com.ibm.websphere.samples.daytrader.web.websocket.ActionDecoder: void init(javax.websocket.EndpointConfig)>
<com.ibm.websphere.samples.daytrader.web.websocket.ActionDecoder: com.ibm.websphere.samples.daytrader.web.websocket.ActionMessage decode(java.lang.String)>
<com.ibm.websphere.samples.daytrader.web.websocket.ActionDecoder: boolean willDecode(java.lang.String)>
<com.ibm.websphere.samples.daytrader.web.websocket.ActionDecoder: java.lang.Object decode(java.lang.String)>
<com.ibm.websphere.samples.daytrader.web.prims.ejb3.PingServlet2Session2EntityCollection: void doPost(javax.servlet.http.HttpServletRequest,javax.servlet.http.HttpServletResponse)>
<com.ibm.websphere.samples.daytrader.web.prims.ejb3.PingServlet2Session2EntityCollection: void doGet(javax.servlet.http.HttpServletRequest,javax.servlet.http.HttpServletResponse)>
<com.ibm.websphere.samples.daytrader.web.prims.ejb3.PingServlet2Session2EntityCollection: void init(javax.servlet.ServletConfig)>
<com.ibm.websphere.samples.daytrader.web.prims.PingServletSetContentLength: void doPost(javax.servlet.http.HttpServletRequest,javax.servlet.http.HttpServletResponse)>
<com.ibm.websphere.samples.daytrader.web.prims.PingServletSetContentLength: void doGet(javax.servlet.http.HttpServletRequest,javax.servlet.http.HttpServletResponse)>
<com.ibm.websphere.samples.daytrader.web.prims.PingServletSetContentLength: void init(javax.servlet.ServletConfig)>
<com.ibm.websphere.samples.daytrader.web.websocket.QuotePriceChangeListEncoder: java.lang.String encode(java.util.concurrent.CopyOnWriteArrayList)>
<com.ibm.websphere.samples.daytrader.web.websocket.QuotePriceChangeListEncoder: void init(javax.websocket.EndpointConfig)>
<com.ibm.websphere.samples.daytrader.web.websocket.QuotePriceChangeListEncoder: java.lang.String encode(java.lang.Object)>
<com.ibm.websphere.samples.daytrader.web.servlet.OrdersAlertFilter: void <init>(javax.enterprise.inject.Instance)>
<com.ibm.websphere.samples.daytrader.web.servlet.OrdersAlertFilter: void init(javax.servlet.FilterConfig)>
<com.ibm.websphere.samples.daytrader.web.servlet.OrdersAlertFilter: void doFilter(javax.servlet.ServletRequest,javax.servlet.ServletResponse,javax.servlet.FilterChain)>
<com.ibm.websphere.samples.daytrader.web.prims.PingJSONPStreaming: void doPost(javax.servlet.http.HttpServletRequest,javax.servlet.http.HttpServletResponse)>
<com.ibm.websphere.samples.daytrader.web.prims.PingJSONPStreaming: void doGet(javax.servlet.http.HttpServletRequest,javax.servlet.http.HttpServletResponse)>
<com.ibm.websphere.samples.daytrader.web.prims.PingJSONPStreaming: void init(javax.servlet.ServletConfig)>
<com.ibm.websphere.samples.daytrader.web.prims.PingSession2: void doPost(javax.servlet.http.HttpServletRequest,javax.servlet.http.HttpServletResponse)>
<com.ibm.websphere.samples.daytrader.web.prims.PingSession2: void doGet(javax.servlet.http.HttpServletRequest,javax.servlet.http.HttpServletResponse)>
<com.ibm.websphere.samples.daytrader.web.prims.PingSession2: void init(javax.servlet.ServletConfig)>
<com.ibm.websphere.samples.daytrader.web.prims.PingManagedThread$1: void <init>(com.ibm.websphere.samples.daytrader.web.prims.PingManagedThread,javax.servlet.ServletOutputStream,javax.servlet.AsyncContext)>
<com.ibm.websphere.samples.daytrader.web.prims.cdi.PingServletCDIBeanManagerViaJNDI: void doGet(javax.servlet.http.HttpServletRequest,javax.servlet.http.HttpServletResponse)>
<com.ibm.websphere.samples.daytrader.web.prims.cdi.PingServletCDIBeanManagerViaJNDI: void init(javax.servlet.ServletConfig)>
<com.ibm.websphere.samples.daytrader.web.prims.PingSession1: void doPost(javax.servlet.http.HttpServletRequest,javax.servlet.http.HttpServletResponse)>
<com.ibm.websphere.samples.daytrader.web.prims.PingSession1: void doGet(javax.servlet.http.HttpServletRequest,javax.servlet.http.HttpServletResponse)>
<com.ibm.websphere.samples.daytrader.web.prims.PingSession1: void init(javax.servlet.ServletConfig)>
<com.ibm.websphere.samples.daytrader.web.prims.beanval.SimpleBean1: java.lang.String formatConstraintViolations(java.util.Set)>
<com.ibm.websphere.samples.daytrader.web.prims.PingServlet2Servlet: void doPost(javax.servlet.http.HttpServletRequest,javax.servlet.http.HttpServletResponse)>
<com.ibm.websphere.samples.daytrader.web.prims.PingServlet2Servlet: void doGet(javax.servlet.http.HttpServletRequest,javax.servlet.http.HttpServletResponse)>
<com.ibm.websphere.samples.daytrader.web.websocket.JsonEncoder: void init(javax.websocket.EndpointConfig)>
<com.ibm.websphere.samples.daytrader.web.websocket.JsonEncoder: java.lang.String encode(com.ibm.websphere.samples.daytrader.web.websocket.JsonMessage)>
<com.ibm.websphere.samples.daytrader.web.websocket.JsonEncoder: java.lang.String encode(java.lang.Object)>
<com.ibm.websphere.samples.daytrader.web.prims.PingServlet2Jsp: void doPost(javax.servlet.http.HttpServletRequest,javax.servlet.http.HttpServletResponse)>
<com.ibm.websphere.samples.daytrader.web.prims.PingServlet2Jsp: void doGet(javax.servlet.http.HttpServletRequest,javax.servlet.http.HttpServletResponse)>
<com.ibm.websphere.samples.daytrader.web.prims.PingJDBCRead: void doPost(javax.servlet.http.HttpServletRequest,javax.servlet.http.HttpServletResponse)>
<com.ibm.websphere.samples.daytrader.web.prims.PingJDBCRead: void doGet(javax.servlet.http.HttpServletRequest,javax.servlet.http.HttpServletResponse)>
<com.ibm.websphere.samples.daytrader.web.prims.PingJDBCRead: void init(javax.servlet.ServletConfig)>
<com.ibm.websphere.samples.daytrader.web.prims.cdi.PingServletCDIEventAsync: void doGet(javax.servlet.http.HttpServletRequest,javax.servlet.http.HttpServletResponse)>
<com.ibm.websphere.samples.daytrader.web.prims.cdi.PingServletCDIEventAsync: void init(javax.servlet.ServletConfig)>
<com.ibm.websphere.samples.daytrader.web.prims.cdi.PingServletCDIEventAsync: void onAsyncEvent1(java.lang.String)>
<com.ibm.websphere.samples.daytrader.web.prims.cdi.PingServletCDIEventAsync: void onAsyncEvent2(java.lang.String)>
<com.ibm.websphere.samples.daytrader.web.prims.ejb3.PingServlet2Session2CMROne2One: void doPost(javax.servlet.http.HttpServletRequest,javax.servlet.http.HttpServletResponse)>
<com.ibm.websphere.samples.daytrader.web.prims.ejb3.PingServlet2Session2CMROne2One: void doGet(javax.servlet.http.HttpServletRequest,javax.servlet.http.HttpServletResponse)>
<com.ibm.websphere.samples.daytrader.web.prims.ejb3.PingServlet2Session2CMROne2One: void init(javax.servlet.ServletConfig)>
<com.ibm.websphere.samples.daytrader.web.jsf.OrderDataJSF: void <init>(javax.enterprise.inject.Instance)>
<com.ibm.websphere.samples.daytrader.web.jsf.OrderDataJSF: void setOrderData(com.ibm.websphere.samples.daytrader.web.jsf.OrderData)>
<com.ibm.websphere.samples.daytrader.entities.AccountProfileDataBean: void <init>(java.lang.String,java.lang.String,java.lang.String,java.lang.String,java.lang.String,java.lang.String)>
<com.ibm.websphere.samples.daytrader.entities.AccountProfileDataBean: void setUserID(java.lang.String)>
<com.ibm.websphere.samples.daytrader.entities.AccountProfileDataBean: void setPassword(java.lang.String)>
<com.ibm.websphere.samples.daytrader.entities.AccountProfileDataBean: void setFullName(java.lang.String)>
<com.ibm.websphere.samples.daytrader.entities.AccountProfileDataBean: void setAddress(java.lang.String)>
<com.ibm.websphere.samples.daytrader.entities.AccountProfileDataBean: void setEmail(java.lang.String)>
<com.ibm.websphere.samples.daytrader.entities.AccountProfileDataBean: void setCreditCard(java.lang.String)>
<com.ibm.websphere.samples.daytrader.entities.AccountProfileDataBean: void setAccount(com.ibm.websphere.samples.daytrader.entities.AccountDataBean)>
<com.ibm.websphere.samples.daytrader.entities.AccountProfileDataBean: boolean equals(java.lang.Object)>
<com.ibm.websphere.samples.daytrader.web.jsf.QuoteData: void <init>(java.math.BigDecimal,java.math.BigDecimal,java.lang.String)>
<com.ibm.websphere.samples.daytrader.web.jsf.QuoteData: void <init>(java.math.BigDecimal,java.math.BigDecimal,java.lang.String,java.math.BigDecimal,java.math.BigDecimal,java.lang.String,java.lang.Double,java.lang.Double)>
<com.ibm.websphere.samples.daytrader.web.prims.PingUpgradeServlet$Listener: void onDataAvailable()>
<com.ibm.websphere.samples.daytrader.web.prims.PingUpgradeServlet$Listener: void onAllDataRead()>
<com.ibm.websphere.samples.daytrader.web.prims.cdi.PingCDIBean: int getBeanMangerViaJNDI()>
<com.ibm.websphere.samples.daytrader.web.prims.cdi.PingCDIBean: int getBeanMangerViaCDICurrent()>
<com.ibm.websphere.samples.daytrader.impl.session2direct.DirectSLSBBean: com.ibm.websphere.samples.daytrader.beans.MarketSummaryDataBean getMarketSummary()>
<com.ibm.websphere.samples.daytrader.impl.session2direct.DirectSLSBBean: java.util.Collection getAllQuotes()>
<com.ibm.websphere.samples.daytrader.web.prims.beanval.SimpleBean1: void <init>()>
<com.ibm.websphere.samples.daytrader.web.prims.beanval.SimpleBean2: void <init>()>
<com.ibm.websphere.samples.daytrader.impl.direct.TradeDirect: java.sql.Connection getConn()>
<com.ibm.websphere.samples.daytrader.impl.direct.TradeDirect: java.sql.Connection getConnPublic()>
<com.ibm.websphere.samples.daytrader.web.jsf.QuoteJSF: void getAllQuotes()>
<com.ibm.websphere.samples.daytrader.web.jsf.AccountDataJSF: void home()>
<com.ibm.websphere.samples.daytrader.mdb.DTBroker3MDB: void boostrapTradeServices()>
<com.ibm.websphere.samples.daytrader.web.jsf.MarketSummaryJSF: void getMarketSummary()>
<com.ibm.websphere.samples.daytrader.web.prims.beanval.CDIMethodConstraintBean: java.util.List hitList()>
<com.ibm.websphere.samples.daytrader.web.jsf.PortfolioJSF: void getPortfolio()>
<com.ibm.websphere.samples.daytrader.web.jsf.OrderDataJSF: void getOrder()>
<com.ibm.websphere.samples.daytrader.util.TradeConfig: void <init>()>
<com.ibm.websphere.samples.daytrader.util.TradeConfig: java.lang.String getHostname()>
<com.ibm.websphere.samples.daytrader.util.TradeConfig: java.lang.String[] getRunTimeModeNames()>
<com.ibm.websphere.samples.daytrader.util.TradeConfig: java.lang.String getUserID()>
<com.ibm.websphere.samples.daytrader.util.TradeConfig: void incrementSellDeficit()>
<com.ibm.websphere.samples.daytrader.util.TradeConfig: java.lang.String nextUserID()>
<com.ibm.websphere.samples.daytrader.util.TradeConfig: double random()>
<com.ibm.websphere.samples.daytrader.util.TradeConfig: java.lang.String rndAddress()>
<com.ibm.websphere.samples.daytrader.util.TradeConfig: java.lang.String rndBalance()>
<com.ibm.websphere.samples.daytrader.util.TradeConfig: java.lang.String rndCreditCard()>
<com.ibm.websphere.samples.daytrader.util.TradeConfig: java.lang.String rndFullName()>
<com.ibm.websphere.samples.daytrader.util.TradeConfig: boolean rndBoolean()>
<com.ibm.websphere.samples.daytrader.util.TradeConfig: java.lang.String rndNewUserID()>
<com.ibm.websphere.samples.daytrader.util.TradeConfig: java.math.BigDecimal getRandomPriceChangeFactor()>
<com.ibm.websphere.samples.daytrader.util.TradeConfig: float rndQuantity()>
<com.ibm.websphere.samples.daytrader.util.TradeConfig: java.lang.String rndSymbol()>
<com.ibm.websphere.samples.daytrader.util.TradeConfig: java.lang.String rndSymbols()>
<com.ibm.websphere.samples.daytrader.util.TradeConfig: java.lang.String rndUserID()>
<com.ibm.websphere.samples.daytrader.util.TradeConfig: java.lang.String getNextUserIDFromDeck()>
<com.ibm.websphere.samples.daytrader.web.prims.beanval.PingServletBeanValSimple2: void <init>()>
<com.ibm.websphere.samples.daytrader.web.prims.beanval.PingServletBeanValSimple2: java.lang.String getServletInfo()>
<com.ibm.websphere.samples.daytrader.web.prims.beanval.PingServletBeanValSimple2: void <clinit>()>
<com.ibm.websphere.samples.daytrader.util.TradeConfig: java.lang.String[] getOrderProcessingModeNames()>
<com.ibm.websphere.samples.daytrader.entities.OrderDataBean: void <init>()>
<com.ibm.websphere.samples.daytrader.util.TradeConfig: java.lang.String[] getWebInterfaceNames()>
<com.ibm.websphere.samples.daytrader.util.TradeConfig: int getMAX_USERS()>
<com.ibm.websphere.samples.daytrader.util.TradeConfig: int getMAX_QUOTES()>
<com.ibm.websphere.samples.daytrader.util.TradeConfig: void incrementScenarioCount()>
<com.ibm.websphere.samples.daytrader.util.TradeConfig: boolean getUpdateQuotePrices()>
<com.ibm.websphere.samples.daytrader.util.TradeConfig: int getPrimIterations()>
<com.ibm.websphere.samples.daytrader.entities.OrderDataBean: com.ibm.websphere.samples.daytrader.entities.OrderDataBean getRandomInstance()>
<com.ibm.websphere.samples.daytrader.util.TradeConfig: boolean getLongRun()>
<com.ibm.websphere.samples.daytrader.util.TradeConfig: boolean getPublishQuotePriceChange()>
<com.ibm.websphere.samples.daytrader.util.TradeConfig: int getMarketSummaryInterval()>
<com.ibm.websphere.samples.daytrader.util.TradeConfig: int getRunTimeMode()>
<com.ibm.websphere.samples.daytrader.entities.OrderDataBean: java.lang.String toString()>
<com.ibm.websphere.samples.daytrader.util.TradeConfig: int getOrderProcessingMode()>
<com.ibm.websphere.samples.daytrader.util.TradeConfig: int getWebInterface()>
<com.ibm.websphere.samples.daytrader.util.TradeConfig: boolean getDisplayOrderAlerts()>
<com.ibm.websphere.samples.daytrader.util.TradeConfig: int getListQuotePriceChangeFrequency()>
<com.ibm.websphere.samples.daytrader.entities.OrderDataBean: java.lang.String toHTML()>
<com.ibm.websphere.samples.daytrader.util.TradeConfig: void <clinit>()>
<com.ibm.websphere.samples.daytrader.entities.OrderDataBean: void print()>
<com.ibm.websphere.samples.daytrader.entities.OrderDataBean: java.lang.Integer getOrderID()>
<com.ibm.websphere.samples.daytrader.entities.OrderDataBean: java.lang.String getOrderType()>
<com.ibm.websphere.samples.daytrader.entities.OrderDataBean: java.lang.String getOrderStatus()>
<com.ibm.websphere.samples.daytrader.entities.OrderDataBean: java.util.Date getOpenDate()>
<com.ibm.websphere.samples.daytrader.entities.OrderDataBean: java.util.Date getCompletionDate()>
<com.ibm.websphere.samples.daytrader.entities.OrderDataBean: double getQuantity()>
<com.ibm.websphere.samples.daytrader.entities.OrderDataBean: java.math.BigDecimal getPrice()>
<com.ibm.websphere.samples.daytrader.entities.OrderDataBean: java.math.BigDecimal getOrderFee()>
<com.ibm.websphere.samples.daytrader.entities.OrderDataBean: java.lang.String getSymbol()>
<com.ibm.websphere.samples.daytrader.entities.OrderDataBean: com.ibm.websphere.samples.daytrader.entities.AccountDataBean getAccount()>
<com.ibm.websphere.samples.daytrader.entities.HoldingDataBean: void <init>()>
<com.ibm.websphere.samples.daytrader.entities.OrderDataBean: com.ibm.websphere.samples.daytrader.entities.QuoteDataBean getQuote()>
<com.ibm.websphere.samples.daytrader.entities.OrderDataBean: com.ibm.websphere.samples.daytrader.entities.HoldingDataBean getHolding()>
<com.ibm.websphere.samples.daytrader.entities.OrderDataBean: boolean isBuy()>
<com.ibm.websphere.samples.daytrader.entities.HoldingDataBean: com.ibm.websphere.samples.daytrader.entities.HoldingDataBean getRandomInstance()>
<com.ibm.websphere.samples.daytrader.entities.OrderDataBean: boolean isSell()>
<com.ibm.websphere.samples.daytrader.entities.OrderDataBean: boolean isOpen()>
<com.ibm.websphere.samples.daytrader.entities.HoldingDataBean: java.lang.String toString()>
<com.ibm.websphere.samples.daytrader.entities.OrderDataBean: boolean isCompleted()>
<com.ibm.websphere.samples.daytrader.entities.OrderDataBean: boolean isCancelled()>
<com.ibm.websphere.samples.daytrader.entities.HoldingDataBean: java.lang.String toHTML()>
<com.ibm.websphere.samples.daytrader.entities.OrderDataBean: void cancel()>
<com.ibm.websphere.samples.daytrader.entities.OrderDataBean: int hashCode()>
<com.ibm.websphere.samples.daytrader.entities.HoldingDataBean: void print()>
<com.ibm.websphere.samples.daytrader.entities.HoldingDataBean: java.lang.Integer getHoldingID()>
<com.ibm.websphere.samples.daytrader.entities.HoldingDataBean: double getQuantity()>
<com.ibm.websphere.samples.daytrader.entities.HoldingDataBean: java.math.BigDecimal getPurchasePrice()>
<com.ibm.websphere.samples.daytrader.web.websocket.JsonMessage: void <init>()>
<com.ibm.websphere.samples.daytrader.web.websocket.JsonMessage: java.lang.String getKey()>
<com.ibm.websphere.samples.daytrader.entities.HoldingDataBean: java.util.Date getPurchaseDate()>
<com.ibm.websphere.samples.daytrader.web.websocket.JsonMessage: java.lang.String getValue()>
<com.ibm.websphere.samples.daytrader.entities.HoldingDataBean: java.lang.String getQuoteID()>
<com.ibm.websphere.samples.daytrader.web.prims.PingJSONPObject: void <init>()>
<com.ibm.websphere.samples.daytrader.entities.HoldingDataBean: com.ibm.websphere.samples.daytrader.entities.AccountDataBean getAccount()>
<com.ibm.websphere.samples.daytrader.entities.HoldingDataBean: com.ibm.websphere.samples.daytrader.entities.QuoteDataBean getQuote()>
<com.ibm.websphere.samples.daytrader.entities.HoldingDataBean: int hashCode()>
<com.ibm.websphere.samples.daytrader.web.prims.PingJSONPObject: java.lang.String getServletInfo()>
<com.ibm.websphere.samples.daytrader.web.prims.PingServlet31Async: void <init>()>
<com.ibm.websphere.samples.daytrader.web.prims.PingUpgradeServlet$Handler: void <init>()>
<com.ibm.websphere.samples.daytrader.web.prims.PingServlet31Async: java.lang.String getServletInfo()>
<com.ibm.websphere.samples.daytrader.web.prims.PingUpgradeServlet$Handler: void destroy()>
<com.ibm.websphere.samples.daytrader.web.prims.PingServlet31Async: java.lang.String access$000()>
<com.ibm.websphere.samples.daytrader.web.prims.cdi.PingServletCDI: void <init>()>
<com.ibm.websphere.samples.daytrader.web.prims.PingServlet31Async: int access$104()>
<com.ibm.websphere.samples.daytrader.web.prims.PingUpgradeServlet$Listener: void closeConnection()>
<com.ibm.websphere.samples.daytrader.web.jsf.JSFLoginFilter: void <init>()>
<com.ibm.websphere.samples.daytrader.web.prims.PingManagedExecutor: void <init>()>
<com.ibm.websphere.samples.daytrader.web.jsf.JSFLoginFilter: void destroy()>
<com.ibm.websphere.samples.daytrader.web.prims.cdi.PingServletCDIBeanManagerViaCDICurrent: void <init>()>
<com.ibm.websphere.samples.daytrader.web.prims.PingManagedExecutor: java.lang.String getServletInfo()>
<com.ibm.websphere.samples.daytrader.web.prims.PingManagedExecutor: int access$004()>
<com.ibm.websphere.samples.daytrader.web.prims.PingUpgradeServlet: void <init>()>
<com.ibm.websphere.samples.daytrader.web.prims.PingServletLargeContentLength: void <init>()>
<com.ibm.websphere.samples.daytrader.web.prims.PingServletLargeContentLength: java.lang.String getServletInfo()>
<com.ibm.websphere.samples.daytrader.web.servlet.TradeConfigServlet: void <init>()>
<com.ibm.websphere.samples.daytrader.util.Log: boolean doTrace()>
<com.ibm.websphere.samples.daytrader.util.Log: void <clinit>()>
<com.ibm.websphere.samples.daytrader.web.websocket.ActionMessage: void <init>()>
<com.ibm.websphere.samples.daytrader.web.prims.PingServlet2PDF: void <init>()>
<com.ibm.websphere.samples.daytrader.web.prims.PingServlet2PDF: void <clinit>()>
<com.ibm.websphere.samples.daytrader.web.prims.ejb3.PingServlet2MDBQueue: void <init>()>
<com.ibm.websphere.samples.daytrader.web.prims.ejb3.PingServlet2MDBQueue: java.lang.String getServletInfo()>
<com.ibm.websphere.samples.daytrader.web.prims.PingBean: void <init>()>
<com.ibm.websphere.samples.daytrader.web.prims.PingBean: java.lang.String getMsg()>
<com.ibm.websphere.samples.daytrader.web.websocket.JsonDecoder: void <init>()>
<com.ibm.websphere.samples.daytrader.web.websocket.JsonDecoder: void destroy()>
<com.ibm.websphere.samples.daytrader.web.prims.PingJSONPObjectFactory: void <init>()>
<com.ibm.websphere.samples.daytrader.web.prims.PingJSONPObjectFactory: java.lang.String getServletInfo()>
<com.ibm.websphere.samples.daytrader.web.prims.PingServlet2DB: void <init>()>
<com.ibm.websphere.samples.daytrader.web.prims.PingJSONPObjectFactory: void <clinit>()>
<com.ibm.websphere.samples.daytrader.web.prims.PingSession3: void <init>()>
<com.ibm.websphere.samples.daytrader.web.prims.PingServlet2DB: java.lang.String getServletInfo()>
<com.ibm.websphere.samples.daytrader.web.servlet.TradeAppServlet: void <init>()>
<com.ibm.websphere.samples.daytrader.web.servlet.TradeAppServlet: java.lang.String getServletInfo()>
<com.ibm.websphere.samples.daytrader.web.prims.PingSession3: java.lang.String getServletInfo()>
<com.ibm.websphere.samples.daytrader.web.prims.PingSession3: void <clinit>()>
<com.ibm.websphere.samples.daytrader.web.prims.beanval.PingServletBeanValCDI: void <init>()>
<com.ibm.websphere.samples.daytrader.web.prims.beanval.PingServletBeanValCDI: java.lang.String getServletInfo()>
<com.ibm.websphere.samples.daytrader.web.servlet.TradeScenarioServlet: void <init>()>
<com.ibm.websphere.samples.daytrader.web.servlet.TradeScenarioServlet: java.lang.String getServletInfo()>
<com.ibm.websphere.samples.daytrader.web.jsf.QuoteJSF: java.lang.String getQuotesBySymbols()>
<com.ibm.websphere.samples.daytrader.web.jsf.QuoteJSF: java.lang.String getSymbols()>
<com.ibm.websphere.samples.daytrader.web.prims.ExplicitGC: void <init>()>
<com.ibm.websphere.samples.daytrader.web.prims.ExplicitGC: java.lang.String getServletInfo()>
<com.ibm.websphere.samples.daytrader.web.prims.PingSession3Object: void <init>()>
<com.ibm.websphere.samples.daytrader.web.prims.http2.PingServletSimple: void <init>()>
<com.ibm.websphere.samples.daytrader.jaxrs.BroadcastResource: void <init>()>
<com.ibm.websphere.samples.daytrader.web.prims.cdi.PingCDIBean: void <init>()>
<com.ibm.websphere.samples.daytrader.web.prims.cdi.PingCDIBean: int hello()>
<com.ibm.websphere.samples.daytrader.web.prims.cdi.PingCDIBean: void <clinit>()>
<com.ibm.websphere.samples.daytrader.beans.RunStatsDataBean: void <init>()>
<com.ibm.websphere.samples.daytrader.beans.RunStatsDataBean: java.lang.String toString()>
<com.ibm.websphere.samples.daytrader.beans.RunStatsDataBean: int getTradeUserCount()>
<com.ibm.websphere.samples.daytrader.beans.RunStatsDataBean: int getNewUserCount()>
<com.ibm.websphere.samples.daytrader.beans.RunStatsDataBean: int getSumLoginCount()>
<com.ibm.websphere.samples.daytrader.beans.RunStatsDataBean: int getSumLogoutCount()>
<com.ibm.websphere.samples.daytrader.web.prims.PingServletWriter: void <init>()>
<com.ibm.websphere.samples.daytrader.beans.RunStatsDataBean: int getHoldingCount()>
<com.ibm.websphere.samples.daytrader.beans.RunStatsDataBean: int getBuyOrderCount()>
<com.ibm.websphere.samples.daytrader.beans.RunStatsDataBean: int getSellOrderCount()>
<com.ibm.websphere.samples.daytrader.beans.RunStatsDataBean: int getCancelledOrderCount()>
<com.ibm.websphere.samples.daytrader.beans.RunStatsDataBean: int getOpenOrderCount()>
<com.ibm.websphere.samples.daytrader.beans.RunStatsDataBean: int getDeletedOrderCount()>
<com.ibm.websphere.samples.daytrader.beans.RunStatsDataBean: int getOrderCount()>
<com.ibm.websphere.samples.daytrader.beans.RunStatsDataBean: int getTradeStockCount()>
<com.ibm.websphere.samples.daytrader.web.prims.PingServletWriter: java.lang.String getServletInfo()>
<com.ibm.websphere.samples.daytrader.entities.AccountDataBean: void <init>()>
<com.ibm.websphere.samples.daytrader.web.websocket.ActionMessage$1: void <clinit>()>
<com.ibm.websphere.samples.daytrader.entities.AccountDataBean: com.ibm.websphere.samples.daytrader.entities.AccountDataBean getRandomInstance()>
<com.ibm.websphere.samples.daytrader.web.jsf.HoldingData: void <init>()>
<com.ibm.websphere.samples.daytrader.entities.AccountDataBean: java.lang.String toString()>
<com.ibm.websphere.samples.daytrader.entities.AccountDataBean: java.lang.String toHTML()>
<com.ibm.websphere.samples.daytrader.web.prims.PingServlet31AsyncRead: void <init>()>
<com.ibm.websphere.samples.daytrader.entities.AccountDataBean: void print()>
<com.ibm.websphere.samples.daytrader.entities.AccountDataBean: java.lang.Integer getAccountID()>
<com.ibm.websphere.samples.daytrader.web.prims.PingServlet31AsyncRead: java.lang.String getServletInfo()>
<com.ibm.websphere.samples.daytrader.entities.AccountDataBean: int getLoginCount()>
<com.ibm.websphere.samples.daytrader.web.prims.PingServlet31AsyncRead: java.lang.String access$000()>
<com.ibm.websphere.samples.daytrader.entities.AccountDataBean: int getLogoutCount()>
<com.ibm.websphere.samples.daytrader.web.prims.PingServlet31AsyncRead: int access$104()>
<com.ibm.websphere.samples.daytrader.entities.AccountDataBean: java.util.Date getLastLogin()>
<com.ibm.websphere.samples.daytrader.web.prims.jaxrs.XMLObject: void <init>()>
<com.ibm.websphere.samples.daytrader.entities.AccountDataBean: java.util.Date getCreationDate()>
<com.ibm.websphere.samples.daytrader.entities.AccountDataBean: java.math.BigDecimal getBalance()>
<com.ibm.websphere.samples.daytrader.entities.AccountDataBean: java.math.BigDecimal getOpenBalance()>
<com.ibm.websphere.samples.daytrader.entities.AccountDataBean: java.lang.String getProfileID()>
<com.ibm.websphere.samples.daytrader.entities.AccountDataBean: java.util.Collection getOrders()>
<com.ibm.websphere.samples.daytrader.entities.AccountDataBean: java.util.Collection getHoldings()>
<com.ibm.websphere.samples.daytrader.entities.AccountDataBean: com.ibm.websphere.samples.daytrader.entities.AccountProfileDataBean getProfile()>
<com.ibm.websphere.samples.daytrader.entities.AccountDataBean: void logout()>
<com.ibm.websphere.samples.daytrader.entities.AccountDataBean: int hashCode()>
<com.ibm.websphere.samples.daytrader.web.prims.PingServlet: void <init>()>
<com.ibm.websphere.samples.daytrader.web.prims.PingServlet: java.lang.String getServletInfo()>
<com.ibm.websphere.samples.daytrader.web.prims.beanval.PingServletBeanValSimple1: void <init>()>
<com.ibm.websphere.samples.daytrader.web.prims.beanval.PingServletBeanValSimple1: java.lang.String getServletInfo()>
<com.ibm.websphere.samples.daytrader.web.prims.beanval.PingServletBeanValSimple1: void <clinit>()>
<com.ibm.websphere.samples.daytrader.web.prims.PingServlet30Async: void <init>()>
<com.ibm.websphere.samples.daytrader.web.prims.PingServlet30Async: java.lang.String getServletInfo()>
<com.ibm.websphere.samples.daytrader.mdb.DTBroker3MDB: void <init>()>
<com.ibm.websphere.samples.daytrader.impl.ejb3.TradeSLSBBean: void <init>()>
<com.ibm.websphere.samples.daytrader.impl.ejb3.TradeSLSBBean: com.ibm.websphere.samples.daytrader.beans.MarketSummaryDataBean getMarketSummary()>
<com.ibm.websphere.samples.daytrader.web.prims.cdi.PingServletCDIEvent: void <init>()>
<com.ibm.websphere.samples.daytrader.web.prims.jaxrs.JAXRSSyncService: void <init>()>
<com.ibm.websphere.samples.daytrader.web.websocket.MarketSummaryWebSocket: void <init>()>
<com.ibm.websphere.samples.daytrader.impl.ejb3.TradeSLSBBean: java.util.Collection getAllQuotes()>
<com.ibm.websphere.samples.daytrader.entities.QuoteDataBean: void <init>()>
<com.ibm.websphere.samples.daytrader.entities.QuoteDataBean: com.ibm.websphere.samples.daytrader.entities.QuoteDataBean getRandomInstance()>
<com.ibm.websphere.samples.daytrader.entities.QuoteDataBean: java.lang.String toString()>
<com.ibm.websphere.samples.daytrader.entities.QuoteDataBean: java.lang.String toHTML()>
<com.ibm.websphere.samples.daytrader.entities.QuoteDataBean: void print()>
<com.ibm.websphere.samples.daytrader.entities.QuoteDataBean: java.lang.String getSymbol()>
<com.ibm.websphere.samples.daytrader.entities.QuoteDataBean: java.lang.String getCompanyName()>
<com.ibm.websphere.samples.daytrader.entities.QuoteDataBean: java.math.BigDecimal getPrice()>
<com.ibm.websphere.samples.daytrader.entities.QuoteDataBean: java.math.BigDecimal getOpen()>
<com.ibm.websphere.samples.daytrader.entities.QuoteDataBean: java.math.BigDecimal getLow()>
<com.ibm.websphere.samples.daytrader.entities.QuoteDataBean: java.math.BigDecimal getHigh()>
<com.ibm.websphere.samples.daytrader.entities.QuoteDataBean: double getChange()>
<com.ibm.websphere.samples.daytrader.entities.QuoteDataBean: double getVolume()>
<com.ibm.websphere.samples.daytrader.entities.QuoteDataBean: int hashCode()>
<com.ibm.websphere.samples.daytrader.web.prims.ejb3.PingServlet2Session2CMROne2Many: void <init>()>
<com.ibm.websphere.samples.daytrader.web.prims.ejb3.PingServlet2Session2CMROne2Many: java.lang.String getServletInfo()>
<com.ibm.websphere.samples.daytrader.web.prims.PingServlet2Include: void <init>()>
<com.ibm.websphere.samples.daytrader.impl.ejb3.TradeSLSBBean: int getImpl()>
<com.ibm.websphere.samples.daytrader.web.prims.ejb3.PingServlet2Session2Entity: void <init>()>
<com.ibm.websphere.samples.daytrader.web.prims.ejb3.PingServlet2TwoPhase: void <init>()>
<com.ibm.websphere.samples.daytrader.web.prims.ejb3.PingServlet2Session2Entity: java.lang.String getServletInfo()>
<com.ibm.websphere.samples.daytrader.web.prims.ejb3.PingServlet2TwoPhase: java.lang.String getServletInfo()>
<com.ibm.websphere.samples.daytrader.web.servlet.TradeServletAction: void <init>()>
<com.ibm.websphere.samples.daytrader.web.prims.PingReentryServlet: void <init>()>
<com.ibm.websphere.samples.daytrader.web.prims.PingReentryServlet: java.lang.String getServletInfo()>
<com.ibm.websphere.samples.daytrader.web.prims.PingServlet2ServletRcv: void <init>()>
<com.ibm.websphere.samples.daytrader.web.prims.PingServlet2ServletRcv: void <clinit>()>
<com.ibm.websphere.samples.daytrader.web.prims.PingServlet2IncludeRcv: void <init>()>
<com.ibm.websphere.samples.daytrader.impl.session2direct.DirectSLSBBean: void <init>()>
<com.ibm.websphere.samples.daytrader.impl.session2direct.DirectSLSBBean: int getImpl()>
<com.ibm.websphere.samples.daytrader.util.FinancialUtils: void <clinit>()>
<com.ibm.websphere.samples.daytrader.web.prims.cdi.PingCDIJSFBean: void <init>()>
<com.ibm.websphere.samples.daytrader.web.prims.cdi.PingCDIJSFBean: int getHitCount()>
<com.ibm.websphere.samples.daytrader.web.servlet.TradeWebContextListener: void <init>()>
<com.ibm.websphere.samples.daytrader.web.prims.ejb3.PingServlet2Session2Entity2JSP: void <init>()>
<com.ibm.websphere.samples.daytrader.web.prims.ejb3.PingServlet2Session2Entity2JSP: java.lang.String getServletInfo()>
<com.ibm.websphere.samples.daytrader.web.prims.PingJDBCWrite: void <init>()>
<com.ibm.websphere.samples.daytrader.web.prims.PingJDBCWrite: java.lang.String getServletInfo()>
<com.ibm.websphere.samples.daytrader.web.prims.beanval.CDIMethodConstraintBean: void <init>()>
<com.ibm.websphere.samples.daytrader.web.prims.beanval.CDIMethodConstraintBean: void <clinit>()>
<com.ibm.websphere.samples.daytrader.web.prims.ejb3.PingServlet2Session: void <init>()>
<com.ibm.websphere.samples.daytrader.web.prims.ejb3.PingServlet2Session: java.lang.String getServletInfo()>
<com.ibm.websphere.samples.daytrader.web.prims.PingManagedThread: void <init>()>
<com.ibm.websphere.samples.daytrader.web.prims.PingManagedThread: java.lang.String getServletInfo()>
<com.ibm.websphere.samples.daytrader.web.prims.PingManagedThread: int access$004()>
<com.ibm.websphere.samples.daytrader.web.prims.http2.PingServletPush: void <init>()>
<com.ibm.websphere.samples.daytrader.web.prims.ejb3.PingServlet2Entity: void <init>()>
<com.ibm.websphere.samples.daytrader.web.prims.ejb3.PingServlet2Entity: java.lang.String getServletInfo()>
<com.ibm.websphere.samples.daytrader.beans.MarketSummaryDataBean: void <init>()>
<com.ibm.websphere.samples.daytrader.beans.MarketSummaryDataBean: com.ibm.websphere.samples.daytrader.beans.MarketSummaryDataBean getRandomInstance()>
<com.ibm.websphere.samples.daytrader.beans.MarketSummaryDataBean: java.lang.String toString()>
<com.ibm.websphere.samples.daytrader.beans.MarketSummaryDataBean: java.lang.String toHTML()>
<com.ibm.websphere.samples.daytrader.beans.MarketSummaryDataBean: javax.json.JsonObject toJSON()>
<com.ibm.websphere.samples.daytrader.web.prims.PingJDBCRead2JSP: void <init>()>
<com.ibm.websphere.samples.daytrader.web.prims.PingJDBCRead2JSP: java.lang.String getServletInfo()>
<com.ibm.websphere.samples.daytrader.beans.MarketSummaryDataBean: void print()>
<com.ibm.websphere.samples.daytrader.web.prims.ejb3.PingServlet2MDBTopic: void <init>()>
<com.ibm.websphere.samples.daytrader.beans.MarketSummaryDataBean: java.math.BigDecimal getGainPercent()>
<com.ibm.websphere.samples.daytrader.beans.MarketSummaryDataBean: java.math.BigDecimal getTSIA()>
<com.ibm.websphere.samples.daytrader.beans.MarketSummaryDataBean: java.math.BigDecimal getOpenTSIA()>
<com.ibm.websphere.samples.daytrader.beans.MarketSummaryDataBean: double getVolume()>
<com.ibm.websphere.samples.daytrader.beans.MarketSummaryDataBean: java.util.Collection getTopGainers()>
<com.ibm.websphere.samples.daytrader.beans.MarketSummaryDataBean: java.util.Collection getTopLosers()>
<com.ibm.websphere.samples.daytrader.beans.MarketSummaryDataBean: java.util.Date getSummaryDate()>
<com.ibm.websphere.samples.daytrader.web.prims.PingServlet2JNDI: void <init>()>
<com.ibm.websphere.samples.daytrader.web.prims.PingServlet2JNDI: java.lang.String getServletInfo()>
<com.ibm.websphere.samples.daytrader.jaxrs.QuoteResource: void <init>()>
<com.ibm.websphere.samples.daytrader.web.prims.ejb3.PingServlet2MDBTopic: java.lang.String getServletInfo()>
<com.ibm.websphere.samples.daytrader.web.websocket.ActionDecoder: void <init>()>
<com.ibm.websphere.samples.daytrader.web.websocket.ActionDecoder: void destroy()>
<com.ibm.websphere.samples.daytrader.impl.direct.TradeDirect: void <init>()>
<com.ibm.websphere.samples.daytrader.web.prims.ejb3.PingServlet2Session2EntityCollection: void <init>()>
<com.ibm.websphere.samples.daytrader.web.prims.ejb3.PingServlet2Session2EntityCollection: java.lang.String getServletInfo()>
<com.ibm.websphere.samples.daytrader.web.prims.PingServletSetContentLength: void <init>()>
<com.ibm.websphere.samples.daytrader.web.prims.PingServletSetContentLength: java.lang.String getServletInfo()>
<com.ibm.websphere.samples.daytrader.util.MDBStats: void <init>()>
<com.ibm.websphere.samples.daytrader.util.MDBStats: com.ibm.websphere.samples.daytrader.util.MDBStats getInstance()>
<com.ibm.websphere.samples.daytrader.util.MDBStats: void <clinit>()>
<com.ibm.websphere.samples.daytrader.web.websocket.QuotePriceChangeListEncoder: void <init>()>
<com.ibm.websphere.samples.daytrader.web.websocket.QuotePriceChangeListEncoder: void destroy()>
<com.ibm.websphere.samples.daytrader.web.websocket.QuotePriceChangeListEncoder: void <clinit>()>
<com.ibm.websphere.samples.daytrader.web.servlet.OrdersAlertFilter: void destroy()>
<com.ibm.websphere.samples.daytrader.web.prims.PingJSONPStreaming: void <init>()>
<com.ibm.websphere.samples.daytrader.web.prims.PingJSONPStreaming: java.lang.String getServletInfo()>
<com.ibm.websphere.samples.daytrader.web.prims.PingSession2: void <init>()>
<com.ibm.websphere.samples.daytrader.web.prims.PingSession2: java.lang.String getServletInfo()>
<com.ibm.websphere.samples.daytrader.web.prims.cdi.PingServletCDIBeanManagerViaJNDI: void <init>()>
<com.ibm.websphere.samples.daytrader.web.prims.PingSession1: void <init>()>
<com.ibm.websphere.samples.daytrader.web.prims.PingSession1: java.lang.String getServletInfo()>
<com.ibm.websphere.samples.daytrader.web.prims.beanval.SimpleBean1: void checkInjectionValidation()>
<com.ibm.websphere.samples.daytrader.web.prims.beanval.SimpleBean1: void <clinit>()>
<com.ibm.websphere.samples.daytrader.web.prims.PingServlet2Servlet: void <init>()>
<com.ibm.websphere.samples.daytrader.web.prims.PingServlet2Servlet: void <clinit>()>
<com.ibm.websphere.samples.daytrader.web.websocket.JsonEncoder: void <init>()>
<com.ibm.websphere.samples.daytrader.web.websocket.JsonEncoder: void destroy()>
<com.ibm.websphere.samples.daytrader.web.prims.jaxrs.TestJSONObject: void <init>()>
<com.ibm.websphere.samples.daytrader.web.prims.PingServlet2Jsp: void <init>()>
<com.ibm.websphere.samples.daytrader.web.prims.PingServlet2Jsp: void <clinit>()>
<com.ibm.websphere.samples.daytrader.web.prims.PingJDBCRead: void <init>()>
<com.ibm.websphere.samples.daytrader.web.prims.PingJDBCRead: java.lang.String getServletInfo()>
<com.ibm.websphere.samples.daytrader.web.prims.cdi.PingServletCDIEventAsync: void <init>()>
<com.ibm.websphere.samples.daytrader.web.prims.ejb3.PingServlet2Session2CMROne2One: void <init>()>
<com.ibm.websphere.samples.daytrader.web.prims.ejb3.PingServlet2Session2CMROne2One: java.lang.String getServletInfo()>
<com.ibm.websphere.samples.daytrader.web.prims.PingJSONPStreaming$1: void <clinit>()>
<com.ibm.websphere.samples.daytrader.impl.direct.TradeDirect: void <clinit>()>
<com.ibm.websphere.samples.daytrader.entities.AccountProfileDataBean: void <init>()>
<com.ibm.websphere.samples.daytrader.entities.AccountProfileDataBean: com.ibm.websphere.samples.daytrader.entities.AccountProfileDataBean getRandomInstance()>
<com.ibm.websphere.samples.daytrader.entities.AccountProfileDataBean: java.lang.String toString()>
<com.ibm.websphere.samples.daytrader.entities.AccountProfileDataBean: java.lang.String toHTML()>
<com.ibm.websphere.samples.daytrader.entities.AccountProfileDataBean: void print()>
<com.ibm.websphere.samples.daytrader.entities.AccountProfileDataBean: java.lang.String getUserID()>
<com.ibm.websphere.samples.daytrader.entities.AccountProfileDataBean: java.lang.String getPassword()>
<com.ibm.websphere.samples.daytrader.entities.AccountProfileDataBean: java.lang.String getFullName()>
<com.ibm.websphere.samples.daytrader.entities.AccountProfileDataBean: java.lang.String getAddress()>
<com.ibm.websphere.samples.daytrader.entities.AccountProfileDataBean: java.lang.String getEmail()>
<com.ibm.websphere.samples.daytrader.entities.AccountProfileDataBean: java.lang.String getCreditCard()>
<com.ibm.websphere.samples.daytrader.entities.AccountProfileDataBean: com.ibm.websphere.samples.daytrader.entities.AccountDataBean getAccount()>
<com.ibm.websphere.samples.daytrader.entities.AccountProfileDataBean: int hashCode()>
<java.lang.Object: void <init>()>
<java.util.Date: void <init>()>
<java.lang.StringBuilder: void <init>()>
<java.math.BigDecimal: void <init>(java.lang.String)>
<java.lang.Float: void <init>(double)>
<java.math.BigDecimal: void <init>(double)>
<java.lang.Integer: void <init>(int)>
<java.util.ArrayList: void <init>(int)>
<javax.servlet.http.HttpServlet: void <init>()>
<javax.servlet.http.HttpServlet: void init(javax.servlet.ServletConfig)>
<java.util.Date: void <init>(long)>
<java.util.Random: void <init>(long)>
<java.math.BigDecimal: void <init>(int)>
<java.io.StringReader: void <init>(java.lang.String)>
<java.lang.IllegalArgumentException: void <init>(java.lang.Throwable)>
<java.lang.String: void <init>(byte[],int,int)>
<java.net.URL: void <init>(java.lang.String)>
<java.io.BufferedInputStream: void <init>(java.io.InputStream)>
<java.io.BufferedOutputStream: void <init>(java.io.OutputStream)>
<java.lang.StringBuffer: void <init>(int)>
<java.lang.StringBuffer: void <init>()>
<java.util.StringTokenizer: void <init>(java.lang.String,java.lang.String)>
<java.io.PrintWriter: void <init>(java.io.OutputStream)>
<java.lang.String: void <init>(java.lang.String)>
<javax.naming.InitialContext: void <init>()>
<java.io.InputStreamReader: void <init>(java.io.InputStream)>
<java.io.BufferedReader: void <init>(java.io.Reader)>
<javax.ejb.EJBException: void <init>(java.lang.String)>
<java.sql.Timestamp: void <init>(long)>
<java.util.ArrayList: void <init>()>
<javax.enterprise.util.AnnotationLiteral: void <init>()>
<java.lang.UnsupportedOperationException: void <init>(java.lang.String)>
<javax.ejb.EJBException: void <init>(java.lang.Exception)>
<javax.ejb.EJBException: void <init>(java.lang.String,java.lang.Exception)>
<java.util.concurrent.CountDownLatch: void <init>(int)>
<java.util.concurrent.LinkedBlockingQueue: void <init>()>
<javax.servlet.ServletException: void <init>(java.lang.String,java.lang.Throwable)>
<java.lang.Double: void <init>(java.lang.String)>
<java.lang.UnsupportedOperationException: void <init>()>
<java.util.Properties: void <init>()>
<java.sql.Date: void <init>(long)>
<java.util.HashMap: void <init>()>
<java.io.StringWriter: void <init>()>
<java.lang.IllegalStateException: void <init>(java.lang.String)>
<java.lang.Thread: void sleep(long)>
<java.net.InetAddress: java.net.InetAddress getLocalHost()>
<java.lang.Integer: java.lang.Integer valueOf(int)>
<java.lang.System: long currentTimeMillis()>
<java.util.Collections: void shuffle(java.util.List,java.util.Random)>
<java.lang.Integer: int parseInt(java.lang.String)>
<java.time.LocalDateTime: java.time.LocalDateTime now()>
<java.util.logging.Logger: java.util.logging.Logger getLogger(java.lang.String)>
<java.lang.Double: java.lang.Double valueOf(double)>
<java.lang.Runtime: java.lang.Runtime getRuntime()>
<java.lang.System: void gc()>
<java.lang.Float: java.lang.String toString(float)>
<java.lang.System: java.lang.String getenv(java.lang.String)>
<java.lang.Boolean: boolean parseBoolean(java.lang.String)>
<java.lang.Math: double random()>
